,article_id,cluster
0,0110065001,0
1,0110065002,0
2,0110065011,0
3,0114428026,2
4,0114428030,2
5,0153115019,6
6,0153115020,0
7,0153115021,4
8,0153115039,0
9,0153115040,4
10,0153115043,6
11,0253448001,0
12,0253448002,0
13,0253448003,0
14,0253448056,5
15,0253448059,3
16,0253448062,3
17,0280256001,5
18,0280256006,0
19,0283532005,5
20,0286536007,5
21,0301213001,1
22,0301213007,1
23,0301213011,1
24,0301213013,0
25,0301213014,4
26,0325027011,2
27,0325027016,1
28,0325087002,4
29,0325087018,4
30,0325087036,5
31,0325087041,1
32,0325087043,4
33,0325087044,4
34,0325087045,6
35,0341452001,3
36,0351933001,4
37,0351933029,4
38,0351933038,4
39,0351933041,6
40,0351933046,2
41,0351933051,6
42,0351933052,3
43,0372628013,1
44,0372628015,5
45,0372628016,0
46,0372628017,4
47,0372628019,2
48,0372628020,6
49,0383152002,6
50,0383152003,4
51,0390469004,5
52,0390469005,5
53,0390469006,5
54,0392933006,4
55,0405676023,5
56,0412333004,1
57,0413599003,5
58,0417687001,5
59,0417687003,5
60,0420387004,5
61,0420387005,5
62,0429313002,4
63,0429313006,6
64,0429313008,0
65,0429313013,3
66,0429313016,0
67,0429313017,6
68,0429313020,3
69,0429313021,6
70,0429313023,3
71,0429313025,6
72,0429313031,3
73,0436083001,0
74,0436083002,0
75,0436083003,2
76,0439646001,5
77,0442957006,1
78,0443000001,0
79,0447664003,5
80,0449744019,1
81,0449744020,1
82,0463536001,0
83,0464679003,5
84,0464679007,5
85,0464679008,4
86,0464679010,4
87,0464679011,4
88,0464679012,6
89,0464679013,6
90,0464679014,6
91,0464679015,2
92,0464679016,2
93,0466381010,1
94,0466381011,1
95,0466381012,1
96,0466381013,1
97,0478279004,5
98,0479167001,4
99,0479167002,2
100,0479167004,4
101,0479167005,6
102,0479372001,6
103,0479372002,4
104,0480920001,1
105,0480920004,1
106,0481110002,5
107,0481110008,5
108,0481110017,6
109,0481110018,0
110,0481110019,0
111,0481111010,0
112,0481111011,6
113,0481245003,6
114,0481245011,6
115,0482818007,1
116,0482818008,1
117,0488320001,1
118,0488991006,5
119,0489905001,5
120,0489905002,5
121,0490436001,0
122,0492853004,1
123,0492892001,4
124,0492892002,4
125,0492969005,1
126,0492971001,1
127,0492971004,1
128,0493420005,1
129,0493420006,1
130,0493420008,1
131,0493420009,1
132,0493421001,1
133,0493652001,1
134,0493753003,1
135,0494074001,5
136,0494074002,5
137,0495393001,1
138,0495393002,1
139,0495573002,6
140,0495573003,1
141,0495573004,0
142,0495573005,0
143,0495573006,4
144,0495573009,0
145,0495573014,0
146,0495573017,0
147,0495573018,0
148,0495573019,0
149,0496735002,4
150,0496735008,6
151,0497245001,3
152,0497513001,5
153,0498743001,5
154,0498743008,5
155,0498743010,0
156,0498743011,0
157,0498744008,1
158,0498794002,5
159,0501129003,5
160,0501129004,5
161,0501136001,1
162,0504963003,5
163,0505882005,0
164,0506098006,6
165,0506098007,6
166,0506098011,6
167,0506098016,6
168,0506379003,5
169,0506579005,5
170,0507563005,0
171,0507884002,5
172,0507888004,5
173,0507888005,1
174,0508156004,1
175,0508156013,1
176,0508156014,1
177,0508206001,5
178,0508318001,4
179,0508318008,6
180,0508318009,6
181,0508318010,6
182,0508318011,6
183,0508318015,3
184,0508318016,6
185,0508323001,1
186,0509021001,1
187,0509028004,5
188,0509669004,6
189,0509669009,3
190,0509669011,6
191,0510060001,5
192,0511595001,1
193,0511595004,1
194,0511924001,1
195,0511924002,1
196,0511924003,5
197,0511924004,1
198,0514482001,0
199,0514482002,0
200,0514482003,0
201,0514482004,6
202,0515026001,1
203,0515029001,5
204,0515029002,1
205,0515080002,1
206,0516666003,1
207,0517921001,1
208,0517921002,1
209,0517921005,3
210,0517936001,1
211,0518091001,1
212,0520370001,5
213,0521262005,5
214,0522223006,5
215,0522272001,5
216,0522803001,5
217,0522803009,0
218,0522913001,5
219,0523196002,5
220,0523196004,4
221,0523665001,1
222,0523665003,5
223,0523676002,1
224,0523686001,5
225,0523686002,5
226,0523732001,5
227,0523732002,5
228,0523857004,5
229,0524607001,5
230,0525748001,1
231,0526842005,6
232,0526842006,6
233,0526980001,1
234,0527358001,1
235,0527888001,5
236,0527892001,5
237,0528272001,6
238,0528757002,5
239,0528757003,1
240,0528757005,4
241,0528757006,6
242,0529008001,1
243,0529008003,2
244,0529008008,5
245,0529008009,4
246,0529008010,6
247,0529008011,0
248,0529008016,0
249,0529008026,4
250,0529008027,3
251,0529008031,6
252,0529008037,3
253,0529008038,4
254,0529008044,6
255,0529008045,6
256,0529008046,3
257,0529017001,1
258,0529017003,1
259,0529018003,5
260,0529035001,1
261,0529035002,1
262,0529652001,1
263,0530302001,5
264,0530953003,4
265,0530953006,5
266,0530953012,6
267,0530953014,4
268,0530953015,6
269,0530953018,4
270,0530953022,6
271,0530953024,6
272,0530953025,4
273,0531697001,1
274,0531697002,5
275,0531697003,5
276,0532012001,5
277,0532068001,1
278,0532068002,1
279,0534936001,1
280,0535143002,2
281,0535162003,5
282,0535250002,5
283,0535250008,1
284,0535253001,5
285,0535253005,5
286,0535510002,5
287,0535711001,1
288,0535712003,5
289,0535724003,1
290,0535724005,1
291,0536325001,1
292,0536534001,5
293,0537839003,1
294,0537839004,5
295,0537839009,5
296,0538447001,5
297,0538447003,1
298,0538447004,5
299,0541512001,2
300,0541512002,5
301,0541512010,6
302,0541512013,4
303,0541512014,6
304,0541518001,5
305,0541518004,4
306,0541518011,4
307,0541518015,6
308,0541518018,4
309,0541518023,4
310,0541518026,6
311,0541518027,6
312,0542468001,5
313,0543669001,5
314,0544836004,5
315,0547329002,1
316,0547333002,5
317,0547333004,5
318,0547333005,5
319,0547345002,0
320,0547345003,1
321,0547349002,3
322,0547349005,1
323,0547349006,1
324,0547351001,1
325,0547367005,0
326,0547367006,0
327,0547367007,0
328,0547367008,0
329,0547367009,0
330,0547367010,0
331,0547367020,0
332,0547367021,3
333,0547367022,6
334,0547367023,4
335,0547367027,3
336,0547474002,5
337,0550618001,5
338,0550618006,5
339,0550833001,1
340,0550833002,1
341,0551393002,1
342,0551394002,1
343,0551394003,4
344,0551943001,1
345,0551943002,1
346,0552609001,5
347,0552611001,5
348,0552618001,5
349,0554751001,1
350,0554751002,1
351,0555109001,0
352,0555109002,6
353,0555640001,1
354,0555750001,5
355,0555750002,5
356,0556408001,5
357,0556409003,1
358,0556409008,1
359,0556429002,5
360,0556429004,5
361,0556429006,5
362,0557994001,5
363,0557994002,5
364,0557994003,6
365,0557994004,6
366,0557994007,6
367,0557994014,6
368,0557994015,3
369,0557994019,6
370,0557994022,6
371,0558787001,1
372,0558787002,5
373,0559226001,1
374,0559226002,5
375,0559645001,5
376,0559645002,5
377,0559645003,5
378,0559645005,6
379,0559647002,2
380,0559647004,0
381,0559647005,2
382,0560325001,0
383,0560325002,0
384,0560381001,5
385,0560389002,4
386,0560389005,1
387,0560389006,4
388,0560389011,6
389,0560389013,6
390,0560389014,6
391,0562435001,5
392,0562435002,5
393,0562435007,5
394,0562779001,5
395,0562914001,5
396,0562914004,5
397,0562914005,5
398,0562914009,5
399,0562914011,5
400,0563452001,5
401,0563453001,1
402,0563479001,1
403,0563479002,1
404,0564031001,5
405,0564031004,5
406,0564126002,5
407,0564130001,5
408,0564130004,0
409,0564334001,1
410,0564334002,4
411,0564334004,0
412,0564334005,4
413,0564445001,1
414,0564786001,0
415,0564786002,1
416,0564786003,0
417,0564786004,1
418,0564786017,4
419,0564786018,0
420,0564786019,0
421,0564786020,4
422,0564786021,6
423,0564786023,3
424,0564787001,1
425,0564787002,5
426,0564787003,0
427,0564787008,0
428,0564787009,0
429,0564787011,0
430,0564787012,0
431,0564787014,6
432,0564787016,0
433,0564787018,3
434,0564790001,1
435,0564790006,0
436,0564790008,4
437,0564790011,4
438,0564790013,4
439,0566321001,4
440,0566321004,3
441,0566321005,3
442,0566323001,5
443,0567532002,5
444,0567532004,4
445,0567532008,4
446,0567532013,4
447,0567532015,6
448,0567532016,6
449,0567532021,6
450,0567532027,6
451,0567532029,6
452,0567532030,6
453,0567533001,1
454,0567534001,1
455,0567534002,1
456,0567534004,3
457,0567534005,4
458,0567534007,4
459,0567534008,3
460,0567534017,4
461,0567534018,4
462,0567534020,4
463,0567618001,5
464,0567618002,1
465,0567874001,5
466,0567874002,0
467,0567874004,0
468,0567874005,0
469,0567874006,6
470,0568060001,1
471,0568060002,1
472,0568060003,0
473,0568060004,0
474,0568062001,1
475,0568062002,1
476,0568135001,5
477,0568135002,5
478,0568605001,1
479,0568696001,0
480,0569173001,1
481,0569374001,5
482,0569374002,5
483,0569374003,0
484,0569550001,5
485,0569550002,5
486,0569594001,4
487,0570177001,5
488,0570282001,5
489,0570648001,1
490,0571177004,0
491,0571177005,0
492,0571342001,6
493,0571484001,5
494,0571484002,3
495,0571484003,3
496,0571484005,4
497,0571484006,6
498,0571484007,4
499,0571487001,1
500,0571487002,0
501,0571487003,6
502,0571490001,1
503,0572515001,3
504,0572582002,0
505,0572582003,0
506,0572582006,4
507,0572582007,4
508,0572582008,4
509,0572582009,4
510,0572582012,3
511,0573149001,0
512,0573149002,1
513,0573149004,0
514,0573149005,0
515,0573149006,4
516,0573150001,1
517,0573410001,0
518,0573410004,1
519,0573410005,0
520,0573452001,5
521,0573452002,5
522,0573452003,0
523,0573452005,0
524,0573651001,0
525,0573651005,3
526,0573819001,5
527,0574228001,5
528,0574228002,5
529,0574228003,5
530,0574424001,5
531,0574688003,4
532,0575862001,1
533,0575862002,1
534,0576620001,0
535,0576620002,0
536,0577034001,5
537,0577034004,5
538,0577089002,1
539,0577089003,1
540,0577089004,1
541,0577179001,3
542,0578369001,5
543,0578374001,6
544,0578696001,5
545,0579302001,4
546,0579302004,0
547,0579302005,2
548,0579302006,2
549,0579302007,2
550,0579302008,4
551,0579302009,3
552,0579302010,3
553,0579302011,3
554,0579302012,3
555,0579302013,3
556,0579302014,6
557,0579302015,3
558,0579302018,4
559,0580041001,0
560,0580041002,5
561,0580041016,0
562,0580041020,0
563,0580041021,0
564,0581157001,5
565,0581157003,5
566,0582304002,1
567,0582902001,3
568,0582959001,5
569,0582959002,2
570,0584158001,5
571,0584158002,5
572,0584577001,0
573,0584577002,0
574,0584579001,0
575,0584579002,0
576,0584580001,0
577,0584580002,0
578,0584580005,0
579,0584581001,5
580,0584581002,5
581,0585275003,0
582,0585275004,0
583,0585275008,0
584,0585276001,0
585,0585276003,0
586,0585276004,0
587,0585276005,0
588,0585277001,0
589,0585277003,0
590,0585279004,5
591,0585279006,5
592,0585290001,6
593,0585290002,2
594,0585480001,4
595,0585480002,0
596,0585480003,2
597,0585557001,1
598,0585557002,0
599,0585557003,1
600,0585985003,0
601,0586218001,0
602,0586218005,6
603,0588322001,5
604,0588337001,0
605,0588337002,0
606,0588522001,1
607,0588522003,0
608,0588582001,5
609,0589017001,0
610,0589017002,0
611,0589017003,0
612,0589764001,4
613,0589764003,0
614,0589764004,6
615,0589764005,4
616,0589764007,3
617,0589764008,3
618,0591068001,1
619,0591201001,0
620,0591618001,1
621,0591622001,1
622,0591627001,0
623,0591628001,0
624,0591960001,5
625,0592030002,2
626,0592030003,0
627,0592376001,5
628,0592607001,5
629,0592607002,5
630,0593494001,1
631,0593494002,1
632,0593494003,1
633,0594143001,0
634,0594147002,0
635,0594430001,1
636,0594430007,1
637,0594430008,1
638,0594633001,5
639,0594633002,5
640,0595435002,4
641,0595435003,1
642,0596877001,5
643,0596877003,5
644,0596877004,4
645,0596877005,6
646,0596877007,4
647,0596877008,2
648,0596877009,6
649,0596877016,6
650,0597043001,3
651,0597043002,4
652,0597569001,0
653,0597569002,0
654,0597963001,5
655,0597963002,5
656,0598109001,4
657,0598627001,1
658,0599639001,1
659,0599641001,0
660,0599752001,4
661,0599752002,3
662,0599752005,2
663,0599757002,4
664,0599765001,2
665,0599765002,0
666,0599765003,4
667,0601464001,5
668,0601648001,1
669,0601648002,1
670,0603401002,5
671,0603401003,5
672,0604059001,4
673,0604059003,0
674,0605091003,2
675,0605091004,2
676,0605091005,2
677,0605872001,1
678,0605872003,0
679,0605978001,0
680,0605999001,1
681,0605999003,0
682,0606213001,1
683,0606698001,1
684,0606778001,5
685,0607276001,4
686,0607276004,0
687,0607276006,0
688,0607374001,4
689,0607374003,5
690,0608091001,5
691,0608317001,5
692,0608317002,1
693,0608499001,5
694,0608499003,0
695,0609301001,2
696,0609301004,2
697,0610081001,0
698,0610081002,0
699,0610081003,0
700,0610361001,5
701,0610734002,3
702,0610926002,6
703,0611007001,1
704,0611188001,4
705,0611878001,0
706,0611878003,4
707,0611878004,0
708,0611878006,3
709,0612358001,0
710,0612358002,0
711,0612358004,6
712,0612425001,4
713,0612425002,0
714,0612674002,5
715,0612674004,5
716,0612778001,5
717,0612778002,0
718,0612778003,5
719,0612778005,0
720,0612778006,0
721,0612882001,5
722,0612882002,5
723,0612988001,5
724,0612988002,5
725,0612988003,5
726,0613531001,4
727,0613531002,6
728,0613911001,0
729,0614429001,5
730,0614429002,0
731,0614496001,0
732,0614496002,0
733,0614496003,0
734,0614496004,6
735,0614700001,4
736,0614848001,4
737,0614848003,4
738,0614848005,4
739,0614848007,6
740,0614859001,0
741,0615514001,4
742,0616708001,4
743,0616708002,5
744,0616708003,4
745,0616708004,6
746,0616708006,6
747,0616920001,2
748,0616920002,2
749,0617348001,4
750,0617348002,4
751,0618624001,1
752,0619081001,6
753,0619081002,4
754,0620565001,4
755,0621377001,4
756,0621846001,4
757,0621846005,0
758,0621846006,0
759,0621846007,0
760,0621846012,0
761,0621926001,6
762,0621926003,2
763,0621926004,6
764,0622031001,0
765,0622031002,0
766,0622094001,6
767,0622094002,0
768,0622094007,0
769,0622094008,4
770,0623059001,4
771,0623059003,6
772,0623059004,0
773,0623278001,0
774,0625311006,0
775,0625311008,0
776,0625311009,0
777,0626148001,2
778,0626148002,2
779,0626628001,0
780,0626628003,2
781,0627108001,0
782,0628457001,6
783,0628457002,3
784,0628457003,0
785,0628458001,6
786,0628586001,0
787,0628586002,0
788,0628785001,0
789,0628785002,6
790,0628788001,0
791,0628788003,0
792,0628788004,0
793,0628788008,0
794,0628815001,0
795,0628816001,0
796,0628816002,4
797,0628816003,0
798,0628816004,0
799,0628816005,0
800,0628816006,0
801,0629426001,0
802,0629426002,0
803,0629426003,3
804,0629731001,6
805,0629759001,6
806,0630069001,0
807,0630514001,0
808,0630514003,2
809,0630514004,0
810,0630514007,0
811,0631291001,2
812,0632494001,2
813,0632494003,3
814,0633142004,0
815,0634021002,0
816,0634021004,4
817,0634320003,0
818,0634320006,3
819,0634320007,6
820,0635530001,0
821,0635530002,0
822,0635530003,0
823,0635918001,0
824,0635918002,0
825,0636238001,0
826,0636392001,4
827,0636392002,4
828,0636392003,6
829,0636392005,6
830,0637477001,0
831,0637676001,4
832,0637676002,2
833,0637676003,4
834,0637676004,6
835,0637676005,6
836,0637680002,0
837,0637680003,4
838,0637680004,3
839,0638416001,0
840,0638416003,4
841,0638981001,6
842,0638984001,6
843,0639094001,4
844,0639500001,4
845,0639513001,0
846,0639525001,0
847,0639525002,0
848,0639525003,0
849,0639627001,2
850,0639627002,6
851,0639627003,6
852,0639738001,0
853,0639738002,0
854,0639738003,0
855,0639738005,0
856,0639908001,0
857,0639908002,3
858,0639965001,3
859,0639965002,3
860,0639965003,6
861,0639965004,4
862,0640054001,0
863,0640054002,0
864,0640054003,6
865,0640054004,6
866,0640054005,6
867,0640129001,0
868,0640129002,0
869,0640129003,0
870,0640476001,0
871,0640476002,0
872,0640497002,0
873,0640552001,0
874,0640974001,0
875,0640974003,4
876,0642223001,0
877,0642336001,0
878,0642336003,0
879,0642806001,4
880,0643582001,6
881,0643582002,4
882,0643582003,6
883,0643582004,3
884,0643700002,2
885,0643700006,0
886,0643702001,6
887,0643702004,2
888,0644763001,0
889,0644763002,0
890,0647822002,0
891,0647826001,0
892,0648562002,0
893,0649038001,0
894,0649400001,4
895,0649400002,4
896,0649400003,4
897,0649400005,3
898,0650279001,4
899,0650279002,3
900,0651841001,4
901,0651841002,4
902,0652371001,0
903,0652671001,6
904,0652671004,0
905,0653358001,4
906,0653362001,4
907,0653973001,3
908,0653975001,2
909,0654046001,0
910,0654046002,0
911,0654046003,3
912,0654046004,3
913,0654383001,0
914,0654383002,0
915,0654423001,3
916,0654423002,4
917,0654564001,6
918,0654564002,4
919,0654564003,6
920,0654564004,4
921,0654564005,4
922,0654564007,6
923,0655252001,0
924,0655252002,2
925,0655855001,0
926,0656345001,6
927,0656345002,0
928,0657099002,6
929,0657287001,0
930,0657287002,0
931,0657287003,4
932,0657287004,0
933,0657287005,0
934,0658487001,6
935,0658487002,4
936,0658487003,3
937,0658847001,0
938,0658847002,0
939,0658847003,0
940,0658848001,3
941,0658848004,6
942,0658850002,3
943,0660103001,3
944,0660104001,6
945,0660107001,4
946,0660490001,3
947,0660490002,6
948,0660495001,3
949,0660519001,4
950,0660519002,4
951,0660519003,0
952,0661399001,4
953,0661399003,3
954,0661399005,3
955,0661399006,4
956,0661399007,6
957,0661399008,3
958,0661414001,0
959,0661414002,0
960,0661414003,0
961,0662441001,3
962,0662441002,3
963,0663441001,6
964,0664046001,3
965,0665593001,0
966,0665593002,0
967,0665713001,6
968,0665713002,6
969,0666040001,3
970,0666040002,0
971,0666041001,6
972,0666041002,6
973,0666045001,3
974,0666045002,4
975,0666046005,6
976,0666046006,4
977,0666061001,3
978,0666061003,4
979,0666080001,0
980,0666080002,0
981,0666080003,0
982,0666143001,6
983,0666581001,0
984,0666581002,3
985,0666581003,4
986,0668701001,4
987,0668815001,4
988,0668815002,3
989,0668961001,4
990,0668961002,6
991,0668961003,6
992,0668962001,6
993,0669391001,4
994,0669391002,4
995,0669391003,6
996,0669500001,4
997,0669500002,6
998,0669500003,4
999,0669812001,0
1000,0669812002,0
1001,0669825002,0
1002,0670244001,6
1003,0670244004,6
1004,0671983001,0
1005,0672092001,6
1006,0672599001,3
1007,0673571001,3
1008,0676595001,6
1009,0676595002,3
1010,0677902001,3
1011,0677967001,0
1012,0677967002,6
1013,0677967003,0
1014,0677967007,6
1015,0677967008,0
1016,0677967009,6
1017,0678687001,6
1018,0678687010,4
1019,0678687011,6
1020,0678687012,6
1021,0678687013,3
1022,0678687014,6
1023,0678687016,3
1024,0678688001,3
1025,0678688003,4
1026,0678691002,3
1027,0678691003,3
1028,0678697001,6
1029,0678697004,3
1030,0678697006,3
1031,0679121001,0
1032,0679121002,0
1033,0679204001,6
1034,0679278001,6
1035,0679278002,4
1036,0679278003,6
1037,0679278004,6
1038,0679278005,0
1039,0679278007,3
1040,0679278008,4
1041,0679284001,6
1042,0679284005,6
1043,0679284006,3
1044,0679285001,3
1045,0679285002,3
1046,0679285006,4
1047,0679285007,3
1048,0679285008,3
1049,0679285013,3
1050,0679285016,3
1051,0679285017,3
1052,0679285018,3
1053,0679285019,4
1054,0679285020,3
1055,0679285022,6
1056,0679287002,6
1057,0679287003,3
1058,0679287004,4
1059,0679491002,2
1060,0680548001,6
1061,0680553001,4
1062,0680810001,6
1063,0680810002,2
1064,0680818001,2
1065,0682267002,6
1066,0682267003,3
1067,0682267004,6
1068,0682267005,4
1069,0682267008,6
1070,0682267010,6
1071,0682267011,6
1072,0682267014,6
1073,0682267016,3
1074,0682267021,6
1075,0682314002,4
1076,0682965001,3
1077,0682965002,3
1078,0683020001,6
1079,0683020002,2
1080,0683020003,3
1081,0683020004,6
1082,0683020005,6
1083,0683067003,2
1084,0683067004,6
1085,0683067005,6
1086,0683416001,2
1087,0684010001,2
1088,0684087001,4
1089,0684087005,6
1090,0684087008,3
1091,0684682001,3
1092,0686259001,2
1093,0686259004,6
1094,0686259006,4
1095,0687173001,3
1096,0687173002,6
1097,0687173003,3
1098,0687173004,3
1099,0687173005,3
1100,0687966001,4
1101,0688037001,4
1102,0688037004,4
1103,0688470001,3
1104,0688470002,6
1105,0690381001,3
1106,0690381002,6
1107,0690779001,6
1108,0692949002,3
1109,0693493001,3
1110,0693497001,3
1111,0693497002,3
1112,0693497003,3
1113,0693497004,3
1114,0693501001,6
1115,0694194001,6
1116,0694194002,6
1117,0694194004,6
1118,0694220001,6
1119,0694220002,6
1120,0694220003,6
1121,0694220004,6
1122,0694220005,6
1123,0694220007,6
1124,0694258001,4
1125,0694511001,6
1126,0694512001,6
1127,0694514001,3
1128,0694517001,2
1129,0694848001,6
1130,0694848003,6
1131,0694848005,3
1132,0694848006,6
1133,0694848008,6
1134,0694848010,6
1135,0694848016,6
1136,0695581001,0
1137,0695581002,3
1138,0695850001,4
1139,0695850002,4
1140,0695853001,4
1141,0695853002,4
1142,0695853003,4
1143,0696228001,6
1144,0696228002,3
1145,0696410001,6
1146,0696410002,4
1147,0696410006,3
1148,0697275001,0
1149,0697275002,4
1150,0697426001,6
1151,0699022001,6
1152,0699253001,3
1153,0699253004,3
1154,0699328001,4
1155,0699342001,6
1156,0699342003,0
1157,0699344001,3
1158,0699344002,6
1159,0699570001,4
1160,0699570002,6
1161,0699570003,3
1162,0699598004,4
1163,0699598005,6
1164,0699598006,6
1165,0699598007,6
1166,0699598008,3
1167,0699598011,6
1168,0700329001,4
1169,0700329002,4
1170,0700329004,4
1171,0700329005,4
1172,0700329006,2
1173,0700370001,6
1174,0700370002,6
1175,0700370004,4
1176,0700689001,6
1177,0700708001,0
1178,0700727001,3
1179,0700727002,6
1180,0700737001,3
1181,0700737002,6
1182,0700737003,3
1183,0700737006,6
1184,0700737007,3
1185,0700737010,3
1186,0700740001,4
1187,0700745001,0
1188,0700746001,4
1189,0700746002,4
1190,0700746003,4
1191,0700746004,3
1192,0700746006,4
1193,0700758001,6
1194,0700758002,3
1195,0700758005,4
1196,0700758014,4
1197,0700758016,4
1198,0700758017,6
1199,0700765001,3
1200,0700765005,3
1201,0700765009,4
1202,0700765010,0
1203,0700778001,3
1204,0700784001,3
1205,0700784002,3
1206,0700798001,6
1207,0700817001,6
1208,0700817003,3
1209,0700817008,3
1210,0701024001,6
1211,0701033001,6
1212,0701033002,6
1213,0701046001,6
1214,0701046002,6
1215,0701153001,3
1216,0701153003,6
1217,0701223001,6
1218,0701233001,3
1219,0701244001,6
1220,0701244002,4
1221,0701244004,3
1222,0701410001,4
1223,0701472001,2
1224,0701472002,2
1225,0701472004,2
1226,0701472005,2
1227,0702118002,3
1228,0702118003,4
1229,0702118004,3
1230,0702118005,3
1231,0702118006,4
1232,0702292001,6
1233,0702292002,3
1234,0702292003,3
1235,0702292005,4
1236,0702702001,3
1237,0702702002,3
1238,0702712001,3
1239,0702712002,3
1240,0702802001,3
1241,0702802002,4
1242,0702802003,3
1243,0702802004,3
1244,0703152001,6
1245,0703152002,3
1246,0703152007,3
1247,0703152008,6
1248,0703416001,6
1249,0703474001,3
1250,0703474002,3
1251,0703474003,3
1252,0703656001,2
1253,0703784001,6
1254,0704128001,6
1255,0704128007,6
1256,0704720001,4
1257,0704720002,6
1258,0704720005,4
1259,0704720007,6
1260,0704720008,6
1261,0704720010,3
1262,0704753001,6
1263,0704756001,6
1264,0704756002,4
1265,0704767001,3
1266,0704767004,6
1267,0705363001,6
1268,0705368001,6
1269,0705530001,4
1270,0705684001,3
1271,0705684002,6
1272,0705821001,3
1273,0705821002,3
1274,0706104001,6
1275,0706104003,6
1276,0706104006,6
1277,0706104007,4
1278,0706104008,6
1279,0706104009,6
1280,0706104010,6
1281,0707155001,6
1282,0707155002,6
1283,0707155003,4
1284,0707155005,6
1285,0707155006,6
1286,0707155007,6
1287,0707155008,4
1288,0707269002,3
1289,0707269005,4
1290,0707293001,3
1291,0707293002,3
1292,0707293003,4
1293,0707293004,3
1294,0707470001,4
1295,0707470002,3
1296,0707470003,6
1297,0707470004,3
1298,0707931001,4
1299,0707931005,0
1300,0708358001,3
1301,0709086001,4
1302,0709245001,6
1303,0709784001,0
1304,0709985001,3
1305,0709985002,6
1306,0710788001,6
1307,0710788003,6
1308,0710855001,6
1309,0711557001,3
1310,0711631001,6
1311,0711649001,2
1312,0711649002,6
1313,0711649004,2
1314,0711685001,4
1315,0711685004,3
1316,0711685008,3
1317,0711685010,3
1318,0711685012,3
1319,0711685013,3
1320,0711732001,3
1321,0712711001,3
1322,0713349001,3
1323,0713349002,6
1324,0713349003,3
1325,0714309002,6
1326,0714495001,4
1327,0714495002,3
1328,0715524001,3
1329,0715524002,3
1330,0715524003,3
1331,0715524004,4
1332,0716658001,4
1333,0716658002,4
1334,0717001001,0
1335,0717152001,6
1336,0717676001,4
1337,0717676003,3
1338,0717676004,3
1339,0718272001,6
1340,0719295001,6
1341,0720687001,3
1342,0720687002,4
1343,0720687008,3
1344,0720770001,3
1345,0722803001,0
1346,0722803002,6
1347,0722803003,4
1348,0722803004,3
1349,0722828001,6
1350,0722888001,6
1351,0722890001,0
1352,0723084001,6
1353,0723084002,6
1354,0723084003,6
1355,0723084004,4
1356,0723380001,3
1357,0723380002,3
1358,0723380003,2
1359,0723380004,6
1360,0723380005,4
1361,0723469001,6
1362,0723469002,6
1363,0723469005,6
1364,0723469007,6
1365,0723469009,6
1366,0723469010,6
1367,0723469012,6
1368,0723469016,6
1369,0723469018,6
1370,0724368001,6
1371,0725334001,6
1372,0725334002,4
1373,0725334003,6
1374,0725926001,6
1375,0726063001,3
1376,0726876001,3
1377,0726876002,4
1378,0726876003,3
1379,0726897001,6
1380,0726897002,6
1381,0726897003,6
1382,0728987001,3
1383,0728987003,6
1384,0728987005,4
1385,0728988001,3
1386,0728988002,3
1387,0729002003,3
1388,0729004001,6
1389,0729004002,4
1390,0729004003,3
1391,0729004004,6
1392,0729136001,4
1393,0729136003,6
1394,0729315001,6
1395,0729315004,3
1396,0729318001,6
1397,0729318004,4
1398,0729318007,6
1399,0729318008,6
1400,0730916001,3
1401,0730916002,4
1402,0731046001,3
1403,0731046002,3
1404,0731046003,3
1405,0732093001,4
1406,0732207001,3
1407,0732207002,3
1408,0732230001,6
1409,0732287001,3
1410,0732294001,6
1411,0732294003,2
1412,0732294004,6
1413,0732392001,6
1414,0732392002,3
1415,0732413001,6
1416,0732413002,6
1417,0732413004,3
1418,0732413005,6
1419,0733038001,3
1420,0733044001,2
1421,0733044002,2
1422,0733044003,2
1423,0733046001,4
1424,0733046002,6
1425,0733088002,3
1426,0733378001,4
1427,0733378002,3
1428,0733719001,3
1429,0733719002,3
1430,0735369001,6
1431,0736066001,3
1432,0736066002,3
1433,0736066005,6
1434,0736530001,3
1435,0736530003,3
1436,0736530006,4
1437,0736530007,6
1438,0736530008,4
1439,0736530009,3
1440,0736530010,6
1441,0736530011,6
1442,0736530014,3
1443,0736530015,3
1444,0736530016,3
1445,0736530017,6
1446,0736659001,2
1447,0736779001,2
1448,0736779002,2
1449,0736779004,2
1450,0736779005,6
1451,0736783001,6
1452,0736783003,4
1453,0736783004,4
1454,0736784001,3
1455,0736784002,3
1456,0736880001,0
1457,0736887001,3
1458,0736887002,3
1459,0736887003,3
1460,0736887004,3
1461,0736917001,3
1462,0736917004,3
1463,0736917005,3
1464,0736923002,3
1465,0736923003,3
1466,0736923004,3
1467,0736923005,6
1468,0736923006,3
1469,0736923009,4
1470,0736923010,0
1471,0736923011,4
1472,0737543001,2
1473,0737543002,4
1474,0737543004,4
1475,0737644001,6
1476,0737644002,6
1477,0738278001,6
1478,0738507001,4
1479,0739347001,3
1480,0739347002,4
1481,0739347003,6
1482,0739347004,6
1483,0739347005,3
1484,0739347015,6
1485,0739347019,6
1486,0739362001,6
1487,0739362005,6
1488,0739362008,2
1489,0739362009,6
1490,0739362012,6
1491,0739363001,6
1492,0739363003,6
1493,0739363006,6
1494,0739364001,6
1495,0739364002,3
1496,0739364010,6
1497,0740918001,6
1498,0740922002,3
1499,0740922005,4
1500,0740930001,3
1501,0740930002,3
1502,0740930004,3
1503,0741040001,6
1504,0741040003,6
1505,0741040004,4
1506,0741087001,3
1507,0741214001,6
1508,0741237001,3
1509,0741297001,6
1510,0741297002,4
1511,0741843001,6
1512,0741843002,3
1513,0741843003,3
1514,0741848001,3
1515,0741848003,6
1516,0742079001,3
1517,0742079002,4
1518,0742079003,3
1519,0742092001,3
1520,0742092002,6
1521,0742092004,6
1522,0742092005,6
1523,0743049001,6
1524,0743049002,4
1525,0743244001,6
1526,0744579003,6
1527,0744934001,4
1528,0744934002,6
1529,0744934003,6
1530,0744934004,3
1531,0744934005,6
1532,0744934007,6
1533,0744934012,3
1534,0745686001,3
1535,0745686002,3
1536,0745686008,3
1537,0746775001,3
1538,0746775002,3
1539,0746775003,3
1540,0746775004,3
1541,0746775005,3
1542,0746775008,4
1543,0747986001,2
1544,0747986004,2
1545,0748090001,6
1546,0748356001,6
1547,0748574001,6
1548,0748574002,6
1549,0748577001,4
1550,0748577002,6
1551,0748578001,3
1552,0749002001,3
1553,0749002003,3
1554,0749276001,4
1555,0750519001,2
1556,0750519002,2
1557,0750519006,2
1558,0750921001,4
1559,0751140001,3
1560,0751140002,3
1561,0751155001,3
1562,0751270001,6
1563,0751270002,3
1564,0751281002,6
1565,0751282001,3
1566,0751282004,3
1567,0751285001,3
1568,0751285002,3
1569,0751287001,2
1570,0751288001,3
1571,0751372001,6
1572,0752830001,6
1573,0752830002,4
1574,0754106001,6
1575,0754106004,6
1576,0754238002,6
1577,0754238006,3
1578,0754238009,6
1579,0754238010,3
1580,0754256001,3
1581,0754356001,3
1582,0754356002,3
1583,0754877001,6
1584,0754877002,4
1585,0754877003,0
1586,0754877004,6
1587,0754877005,3
1588,0755030001,6
1589,0755173001,3
1590,0755187001,3
1591,0755187002,3
1592,0755467001,3
1593,0755467002,3
1594,0755467003,4
1595,0755467004,0
1596,0756212002,6
1597,0756221002,6
1598,0756611001,6
1599,0756898001,2
1600,0756898002,6
1601,0756898003,6
1602,0757303001,6
1603,0757303002,4
1604,0757303011,6
1605,0757303012,3
1606,0757303013,3
1607,0757303014,3
1608,0757303015,3
1609,0757303016,3
1610,0757303018,3
1611,0757417001,6
1612,0757921001,6
1613,0761296004,2
1614,0761296011,6
1615,0761404001,3
1616,0761621001,3
1617,0761621002,3
1618,0761622001,3
1619,0761622002,3
1620,0761712001,4
1621,0761712002,3
1622,0761712003,3
1623,0761712004,3
1624,0761712005,6
1625,0761840001,6
1626,0763518001,2
1627,0763673001,4
1628,0763673002,3
1629,0763862001,4
1630,0763862002,2
1631,0763862004,4
1632,0764089001,6
1633,0764089002,6
1634,0764520001,3
1635,0764520002,3
1636,0764581001,3
1637,0764581002,3
1638,0764598002,3
1639,0764598004,3
1640,0765175001,3
1641,0765175002,6
1642,0765518001,4
1643,0765829001,3
1644,0765829002,3
1645,0765829004,3
1646,0766738001,6
1647,0766965001,6
1648,0767317001,6
1649,0767655001,3
1650,0767655003,3
1651,0767655005,3
1652,0767687001,3
1653,0767687002,3
1654,0767687004,3
1655,0767911001,6
1656,0769061003,6
1657,0769061004,6
1658,0771806001,3
1659,0771806002,3
1660,0772576001,3
1661,0774224001,3
1662,0774224002,3
1663,0775063001,3
1664,0775077001,3
1665,0775081001,3
1666,0775081002,4
1667,0775100001,3
1668,0775100003,3
1669,0775101001,4
1670,0777851001,6
1671,0778342002,6
1672,0779345001,6
1673,0780183001,6
1674,0780222001,6
1675,0780297001,3
1676,0780297002,3
1677,0780297004,3
1678,0780297005,3
1679,0780297006,3
1680,0780297013,3
1681,0780297014,3
1682,0780297015,3
1683,0780459001,6
1684,0781042001,3
1685,0781405001,6
1686,0781774001,3
1687,0783515001,3
1688,0783864001,6
1689,0784406002,6
1690,0786187001,3
1691,0786187002,3
1692,0786187003,6
1693,0786187005,3
1694,0786187008,3
1695,0786579001,2
1696,0786579002,6
1697,0788177001,2
1698,0789023001,6
1699,0790716001,6
1700,0792058001,3
1701,0792058002,6
1702,0792243001,0
1703,0792243002,3
1704,0792269001,3
1705,0792277001,4
1706,0792277002,0
1707,0792817001,6
1708,0792817002,6
1709,0792817003,6
1710,0792817004,4
1711,0793108001,4
1712,0793108003,4
1713,0795621001,2
1714,0796454001,6
1715,0796454002,6
1716,0796454003,6
1717,0796454004,6
1718,0796454005,6
1719,0796806001,3
1720,0796806002,4
1721,0796806005,3
1722,0796806008,3
1723,0796806009,6
1724,0797524001,3
1725,0797524003,3
1726,0797526001,6
1727,0797526003,3
1728,0797527001,4
1729,0797527002,4
1730,0797527003,4
1731,0797527004,6
1732,0797527007,6
1733,0797565001,4
1734,0797565002,3
1735,0797569001,6
1736,0798378001,3
1737,0798418001,3
1738,0798418002,6
1739,0798426001,6
1740,0798426002,6
1741,0798426004,4
1742,0798475001,6
1743,0798475002,6
1744,0800245001,4
1745,0800245002,6
1746,0800245003,4
1747,0800245011,6
1748,0800245015,4
1749,0802230001,6
1750,0802230003,6
1751,0803454001,3
1752,0803454002,3
1753,0803985001,4
1754,0803985002,4
1755,0803985003,4
1756,0803985004,4
1757,0804750002,0
1758,0805005001,3
1759,0805011001,4
1760,0805011002,6
1761,0805011011,6
1762,0805011013,6
1763,0805011016,6
1764,0805011019,6
1765,0805011022,2
1766,0805015005,3
1767,0805015007,6
1768,0805983001,3
1769,0806791001,6
1770,0807015001,3
1771,0807174001,0
1772,0807174002,4
1773,0807174003,0
1774,0807700001,3
1775,0809517001,4
1776,0809517002,6
1777,0809517003,4
1778,0809549001,3
1779,0809549002,3
1780,0809835001,6
1781,0809883001,6
1782,0809883002,3
1783,0809883003,3
1784,0809883005,6
1785,0810320001,6
1786,0810557001,3
1787,0810557002,3
1788,0810557003,6
1789,0810557005,3
1790,0810557006,4
1791,0810557007,6
1792,0810557010,3
1793,0810557011,4
1794,0810557013,3
1795,0810777001,3
1796,0810777003,4
1797,0810777004,6
1798,0810825001,6
1799,0810825002,4
1800,0810825003,6
1801,0810825007,4
1802,0811222001,3
1803,0811222002,3
1804,0812271001,6
1805,0812271003,6
1806,0812271004,6
1807,0813613001,6
1808,0813613002,6
1809,0814506001,3
1810,0814667001,6
1811,0815310001,6
1812,0815310002,4
1813,0815310004,4
1814,0815310005,6
1815,0816411001,4
1816,0818403001,3
1817,0818403003,6
1818,0818403008,6
1819,0818614001,2
1820,0818614003,2
1821,0818614005,2
1822,0818614006,2
1823,0818614007,2
1824,0818620001,3
1825,0819113002,4
1826,0819113004,3
1827,0819113007,4
1828,0819450001,2
1829,0820308001,3
1830,0820308002,3
1831,0820308003,3
1832,0820308004,3
1833,0820436001,6
1834,0820572001,4
1835,0820572002,2
1836,0820572004,4
1837,0820572005,6
1838,0820572011,6
1839,0820899001,6
1840,0820899004,6
1841,0821140003,6
1842,0821397001,3
1843,0821397002,0
1844,0821397004,3
1845,0821397007,3
1846,0821397008,4
1847,0822344002,4
1848,0822344003,3
1849,0822344004,4
1850,0822344007,3
1851,0822344008,3
1852,0822344009,3
1853,0822344010,3
1854,0823685002,6
1855,0824148001,6
1856,0824148002,6
1857,0824208002,6
1858,0825572001,3
1859,0825572002,3
1860,0825771001,4
1861,0825771004,3
1862,0825771005,3
1863,0825771006,4
1864,0825771007,6
1865,0826865001,3
1866,0826949001,3
1867,0826949003,3
1868,0826949004,6
1869,0827500003,4
1870,0827500004,6
1871,0827500005,4
1872,0827907001,3
1873,0827907002,3
1874,0827907003,3
1875,0827907005,3
1876,0827907012,4
1877,0827907013,3
1878,0827935002,6
1879,0827957001,4
1880,0827957002,0
1881,0827957003,6
1882,0827957004,3
1883,0827957006,6
1884,0827957007,3
1885,0827957008,3
1886,0829618001,4
1887,0829618004,4
1888,0829618005,3
1889,0829618006,3
1890,0830100001,6
1891,0830100002,4
1892,0830100003,4
1893,0830923001,6
1894,0831282001,4
1895,0831282004,4
1896,0831282007,4
1897,0831283001,2
1898,0831467001,6
1899,0831467002,4
1900,0831467003,6
1901,0832036001,6
1902,0832036002,4
1903,0832036003,4
1904,0832036005,6
1905,0832036013,6
1906,0832036017,6
1907,0832111001,6
1908,0832505001,3
1909,0832505002,6
1910,0832505003,6
1911,0832505004,6
1912,0832795001,4
1913,0832884001,6
1914,0832884002,6
1915,0832884006,4
1916,0832884008,6
1917,0834431001,3
1918,0834431002,3
1919,0834431003,4
1920,0835675001,6
1921,0835675002,3
1922,0835704001,4
1923,0835704002,4
1924,0835704003,3
1925,0835704004,4
1926,0835704008,3
1927,0835704009,6
1928,0835704010,4
1929,0835704011,6
1930,0839158001,6
1931,0839158002,6
1932,0839646001,3
1933,0841182001,4
1934,0841182002,6
1935,0841182003,6
1936,0841182004,4
1937,0843777001,4
1938,0843777002,3
1939,0843777005,3
1940,0843793001,6
1941,0843793003,4
1942,0843793004,6
1943,0846015001,2
1944,0846753001,6
1945,0846753002,6
1946,0846847001,4
1947,0849648001,3
1948,0849648002,3
1949,0849648003,6
1950,0849648005,3
1951,0849738001,6
1952,0849738002,4
1953,0849738003,4
1954,0849738004,4
1955,0849855001,3
1956,0849855002,4
1957,0849859001,3
1958,0849859002,3
1959,0849859003,3
1960,0849859004,4
1961,0849859005,3
1962,0849883001,6
1963,0849886001,3
1964,0849886002,6
1965,0849886003,3
1966,0849886006,6
1967,0849886010,6
1968,0849886012,3
1969,0849942001,6
1970,0849945001,6
1971,0850053001,6
1972,0851065001,3
1973,0851065002,3
1974,0851608001,3
1975,0851608002,3
1976,0851608003,3
1977,0851774001,4
1978,0851774002,6
1979,0851774003,6
1980,0851774006,6
1981,0851774008,6
1982,0851774011,6
1983,0852174001,2
1984,0852174003,4
1985,0852598003,6
1986,0853388001,6
1987,0853911001,4
1988,0854043001,6
1989,0854043004,4
1990,0854043005,4
1991,0854043006,6
1992,0854043007,6
1993,0854043008,3
1994,0854193001,4
1995,0854193002,4
1996,0854193003,3
1997,0854193004,3
1998,0854322001,6
1999,0854356001,2
2000,0854356002,2
2001,0854356003,2
2002,0854356006,2
2003,0854811001,2
2004,0855080003,4
2005,0855080004,4
2006,0855080011,4
2007,0855706001,4
2008,0855706002,0
2009,0855706003,4
2010,0855706004,4
2011,0855706009,4
2012,0856137001,2
2013,0857901001,6
2014,0858147001,3
2015,0858147002,6
2016,0858147003,4
2017,0858147005,3
2018,0858147006,6
2019,0858407001,2
2020,0858407002,2
2021,0858833001,3
2022,0858833002,4
2023,0858833004,4
2024,0858918001,3
2025,0858918004,6
2026,0859619001,3
2027,0859619002,6
2028,0859619003,4
2029,0859736001,4
2030,0859736002,4
2031,0859736003,4
2032,0859737001,4
2033,0859737002,6
2034,0859737003,4
2035,0859737004,3
2036,0859744001,4
2037,0859744003,4
2038,0860797001,4
2039,0860797002,4
2040,0860797003,4
2041,0860797004,4
2042,0860822001,6
2043,0860822003,4
2044,0862271001,3
2045,0862271003,3
2046,0862379002,6
2047,0862379003,6
2048,0862379006,4
2049,0863561001,3
2050,0863561002,3
2051,0863561003,3
2052,0864459001,3
2053,0864459002,3
2054,0865086001,6
2055,0865086002,4
2056,0865086003,3
2057,0865086004,4
2058,0865086006,6
2059,0865094001,6
2060,0865094002,6
2061,0865879001,6
2062,0866117001,4
2063,0866117002,3
2064,0866178001,4
2065,0866178002,3
2066,0866178003,3
2067,0866454001,0
2068,0866454002,4
2069,0866454003,3
2070,0866488001,3
2071,0866488002,4
2072,0866488003,4
2073,0866792001,6
2074,0866792004,4
2075,0868000001,6
2076,0868258001,2
2077,0868311001,3
2078,0868311002,4
2079,0868741001,2
2080,0868780002,6
2081,0868780003,2
2082,0869331006,6
2083,0869331011,4
2084,0870623001,3
2085,0870627001,0
2086,0871243001,4
2087,0871243002,0
2088,0871243003,4
2089,0871311001,4
2090,0871311002,4
2091,0871311003,4
2092,0872820001,3
2093,0872820002,3
2094,0872820003,3
2095,0872820004,3
2096,0873580001,6
2097,0874168001,2
2098,0874619001,3
2099,0875072003,3
2100,0875072004,4
2101,0875082001,4
2102,0875082003,4
2103,0875580001,4
2104,0875580002,3
2105,0875580003,4
2106,0875580004,3
2107,0877075001,6
2108,0877075003,4
2109,0877518001,6
2110,0877527001,6
2111,0877537001,4
2112,0877641001,6
2113,0878629001,4
2114,0878629002,4
2115,0878629003,4
2116,0878629004,4
2117,0878629005,4
2118,0878629006,3
2119,0878733001,2
2120,0878733002,2
2121,0878733003,2
2122,0878794001,6
2123,0878794002,6
2124,0878794004,6
2125,0879012001,3
2126,0879012003,3
2127,0882902001,3
2128,0882902003,6
2129,0883354001,2
2130,0883808003,4
2131,0883855001,6
2132,0884441001,4
2133,0885951001,3
2134,0885951002,6
2135,0885951003,3
2136,0885951004,0
2137,0887467001,3
2138,0887467002,6
2139,0888448001,4
2140,0888951001,6
2141,0891391001,6
2142,0891392001,6
2143,0891763001,3
2144,0891763003,3
2145,0891763004,3
2146,0893942001,4
2147,0893942002,3
2148,0893942003,4
2149,0894079001,3
2150,0894079002,6
2151,0894079003,6
2152,0894085001,3
2153,0894085002,4
2154,0894355001,3
2155,0894756001,3
2156,0894756002,3
2157,0894756003,6
2158,0894756004,4
2159,0894756005,3
2160,0894757001,3
2161,0894757002,3
2162,0894760001,6
2163,0894760002,3
2164,0894775001,2
2165,0896260001,6
2166,0896757001,3
2167,0898320001,3
2168,0898439001,6
2169,0898439002,6
2170,0898439003,2
2171,0898762001,6
2172,0899215001,6
2173,0900398001,2
2174,0903306001,3
2175,0903306002,0
2176,0903306003,3
2177,0903306004,3
2178,0903306006,3
2179,0903854001,6
2180,0907788001,3
2181,0907788003,3
2182,0907788004,3
2183,0909914002,3
2184,0909915002,6
2185,0909921001,3
2186,0909921002,3
2187,0909925004,6
2188,0909925005,3
2189,0909926001,3
2190,0910949002,6
2191,0912861001,4
2192,0912861003,4
2193,0913341001,3
2194,0913341002,6
2195,0914414001,3
2196,0914414002,6
2197,0914414003,3
2198,0914479001,6
2199,0916425001,6
2200,0920274001,3
2201,0921591002,4
2202,0924040001,6
2203,0924040002,3
2204,0929744001,3
2205,0935092001,4
2206,0935356001,3
2207,0935892001,3
2208,0942749001,6
2209,0944506001,3
