customer,predicition
000058a12d5b43e67d225668fa1f8d618c13dc232df0cad8ffe7ad4a1091e318,0783830001 0566428001 0650037001 0781842002 0700781001 0732206001 0595435002 0351933038 0742079002 0325087043 0464679010 0508318001
00007d2de826758b65a93dd24ce629ed66842531df6699338c5570910a014cc2,0537346004 0568862004 0698048002 0624066008 0797988003 0627009007 0710899003 0670334004 0717664002 0670424002 0717673006 0790645006
00083cda041544b2fbb0e0d2905ad17da7cf1007526fb4c73235dccbbc132280,0764228001 0627339002 0707225001 0594264003 0739239007 0764110004 0856024001 0713696007 0535455001 0695632003 0707743006 0704029002
0008968c0d451dbc5a9968da03196fe20051965edde7413775c4eb3be9abe9c2,0504151003 0504152002 0539387006 0519856002 0604590001 0543087002 0519847001 0511874001 0596365001 0518573002 0515780001 0563024001
000aa7f0dc06cd7174389e76c9e132a67860c5f65f970699daccc14425ac31a8,0732423001 0704119001 0913688001 0695170004 0917434004 0553875011 0676539001 0659132001 0669396001 0876306002 0941005001 0759118004
001127bffdda108579e6cb16080440e89bf1250a776c6e55f56e35e9ee029a8d,0787592001 0882900001 0562245062 0801384012 0252298002 0938281001 0820508001 0775624002 0928210002 0427159007 0672448002 0256151014
001ea4e9c54f7e9c88811260d954edc059d596147e1cf8adc73323aebf571fd8,0548603009 0357130011 0670538003 0526708016 0567992037 0630326001 0514817008 0681319001 0871638001 0218354001 0683880002 0832732001
001fd23db1109a94bba1319bb73df0b479059027c182da490e1161b34cd3af61,0871241001 0589526002 0487050042 0621999001 0720577008 0727785004 0730863013 0399087010 0562252031 0511121009 0621827001 0451229042
0021da829b898f82269fc51feded4eac2129058ee95bd75bb1591e2eb14ecc79,0643282001 0626890006 0626887001 0453239039 0549703002 0501121002 0491912005 0755581005 0626705004 0621462001 0453239044 0622981007
00228762ecff5b8d1ea6a2e52b96dafa198febddbc3bf350eb611f28e61ea6ce,0799998001 0657203001 0909179001 0901481001 0716957001 0809521001 0822345001 0659559002 0905889001 0901811003 0674103001 0820610001
002b3c0a44a22c45a8d62ea9d2b88d1a89e335f8b8400335a85c3b5845794cb9,0717010001 0867407002 0917405001 0661651003 0751859001 0853642003 0652356004 0605093009 0719957001 0485673009 0821395005 0338400001
003ac6eff3ca20cbe4e14a106a5e28b7551616005de8f9dd0f9455e5543b31ac,0640424001 0861036002 0620405001 0680846001 0640424001 0617322003 0898573003 0695632097 0657281002 0708495003 0673771004 0641705004
00401a367c5ac085cb9d4b77c56f3edcabf25153615db982fcc7991d182e10a9,0923534006 0668719001 0883033001 0550471025 0786336001 0648995004 0728719001 0589136002 0533421001 0625506017 0722439005 0561542020
00402f4463c8dc1b3ee54abfdea280e96cd87320449eca8953eb06769a5c20d4,0793441001 0639146001 0585440002 0443078001 0650130001 0611838004 0615269002 0597782004 0673972001 0607147001 0619488001 0652910001
0045c79125b4dc958579f902b49eacd8598f9eeaa1220506d1cae1275f122084,0673469001 0783350001 0610711001 0693261005 0623765030 0797707001 0770346001 0785090001 0640001027 0655792016 0811107001 0598604003
004888668b9458668aa3234d17337671673599f7f84d36f77fd366b5139058c5,0479604007 0667173002 0635957003 0606380002 0531615006 0637661001 0483290005 0640613003 0662866005 0622678005 0650714001 0483290017
0051a1d00ec9a4ff1a2f9aa32a4bb054cc9ba08e80be590aec39391ff3dc56e8,0701685001 0496111020 0678646004 0719203001 0914557001 0639835005 0609146009 0636093001 0788511001 0749564005 0636095002 0734144001
005c9fb2ba6c49b2098a662f64a9124ef95cbec5fcf4ebdb4dcbaaf83f979c51,0717490006 0737040017 0836997006 0581983007 0744100007 0744021005 0826197003 0737610004 0662530001 0743218003 0743218007 0693211001
00609a1cc562140fa87a6de432bef9c9f0b936b259ad3075eb2a65008df1dbab,0692979004 0821395015 0621926004 0351933051 0782479005 0821740002 0917296003 0708740005 0509091026 0570463001 0631649001 0585342006
00708c3da4d07706d4cad77c6aecc1b1ce33d21d73022ca12737c91d85bff070,0822860002 0831064001 0773719001 0647334001 0903778001 0695723001 0816832001 0787758004 0820541001 0717467001 0669882001 0736677001
0074c5948b6c96e7522f6f5c034b46cf08875b9a81c557a02bda0aedac355547,0766402007 0857440002 0871569003 0804241001 0889816008 0809230001 0653127002 0542982018 0727640003 0805323002 0654863003 0580031006
00761aefe07a2dd6ca110c99f3856ede55f20ff00ce754bf24c422c6746d05f3,0649407003 0537085012 0565379025 0595070002 0586313006 0565379002 0613846001 0398814001 0341782034 0661118003 0905518003 0636587014
0077ba345ef6aa8781802107df25bbb8a14fdcd04130c3ffa5cd1ac4087ad8ab,0616225008 0539025001 0598330001 0600297003 0616201006 0579883001 0549708003 0567430001 0554950003 0519788002 0580307004 0539366009
00796ce0bc561897e7047a7b059867aa6424f63ec597e1fbb3a195e48d5f452b,0692425001 0637566004 0873915004 0730365004 0866613001 0770831003 0876296001 0626119002 0814968001 0910042003 0831460002 0732671003
007e4c2e0994b4aac97c2713d5dc0b7497d74113f32446868ca22b6437e9594d,0539816002 0519914006 0416511009 0539475001 0533746001 0531305001 0539189002 0446847001 0618050001 0508982002 0576719002 0615972002
007ea762fbbebfad288a49f1d8f7c2c0c62b189a8816fa6968e60f2c197ce938,0608338002 0571334001 0559129003 0518806003 0630450002 0542119001 0384263008 0596075001 0506321011 0548112001 0548744001 0599489003
007f094708bc97c9ce41a7e75237ef2d16ae45319ebaddb9b842abf34248da8f,0780172006 0791122001 0491350001 0616867002 0654779001 0914071001 0621019001 0850137022 0634754001 0787216001 0787181001 0708929001
00873fc0f81215241785b49518e6758a2c26c0eac4825e7eb048b005a33fc3d6,0870193007 0879774005 0879132003 0687524016 0681196002 0688262001 0624121001 0578382001 0293244001 0436853004 0750424017 0845285001
00889357d9b1e0e3788fbe8fd7448580b9e51800f59196891c4796a9aaac0945,0667770001 0568597006 0801166001 0635131002 0830784001 0698100001 0900267001 0843642001 0746797001 0746592001 0212766046 0780361004
008997ffbc4cdb3a41572eb25b2cc918666a6f2a13f3940f196a0160773c8492,0439285002 0562245093 0796374001 0842718001 0659609001 0553881021 0554450001 0262277009 0627175003 0869158008 0727640004 0650759010
008a118b7c72fd3b8a614eb2672ddfc2a78434c5776af215f4e281fa7506b842,0690225001 0699262001 0745556002 0712587003 0684675001 0704065001 0640539011 0754895001 0579365006 0690506008 0695857006 0606738002
0091c0e943c92167ea78f6ac180636be4098b06c1a066cac6f064eab9dc76d3c,0670437002 0601281001 0612901001 0897358001 0675931001 0757406006 0756007002 0872126001 0754387002 0894302001 0653567001 0740213001
00923f88cda50cbea4c5ceb2bd3467c620a9d74cb7da95ccbd21b856f5c0e2e0,0573149006 0654564005 0810825007 0567534018 0639834003 0586307009 0615042005 0628921002 0494414008 0717082001 0362997009 0537085010
0095c9b47fc950788bb709201f024c5338838a27c59c0299b857f94b504cb9fc,0739732001 0766829001 0682682001 0716014002 0629023001 0558986004 0648891012 0691184001 0633781001 0699923130 0630037017 0554552008
00a017d6e1010e117e3881be44027688795bf5f3c363696f7260d0ebe2727285,0802571003 0782616009 0691735006 0698011002 0633803002 0368038005 0667306003 0126589007 0735975007 0756118010 0721929005 0756118013
00a4f2c8cc87ffb0ea7db47b4b0b247b9ef11033c8d976f374f709a6fb80f1b9,0503623003 0563577007 0567739002 0549518004 0549330005 0577949001 0597720003 0567740001 0498619002 0300908009 0545814002 0592702002
00a64e86897e28b304195ad497bc63234a3ab00a5eb247930ff59398d765f04a,0925521001 0933882001 0924453003 0782362001 0777801002 0738072001 0823382001 0708394001 0722485001 0719084001 0715780002 0729321001
00a95aa4ba8d20f1bad415bab15ca6174a762f7550c819f4a1051fc7ee6bcb89,0672436001 0824502007 0659113001 0656487002 0626648006 0712801004 0694219003 0665685004 0684021080 0762048003 0668272001 0642051002
00aa02ce95fc11f654a76101fd39a3db6b29879fddd8f8b1e56b3e6fbe6fe8d8,0702292001 0638984001 0612358004 0564787014 0677967009 0629759001 0793949001 0810587001 0874620001 0669804002 0650040001 0642339001
00ac5119d21281802ecd309e8c7fa0b598e0be861f21caadefd9bc8cf3f87eed,0814686004 0862695001 0822860001 0671553003 0555326011 0554450036 0642646001 0791006002 0787185001 0706472001 0747545002 0839242001
00b10bf5c51e961bd91f7ed9081b1bc6fc7e86000c2bed1a2d9f70da02012432,0739533001 0891669002 0690936014 0732842003 0745552005 0730863011 0752516002 0808954001 0838721004 0673363001 0842020001 0694840003
00b1804e347ad55d1a75d7c07169e17d1890ad48953824879234177741a85955,0663474001 0835350001 0677522001 0700933005 0540998036 0519219011 0742019004 0710684001 0926310001 0742019001 0742019002 0763043001
00b5b1446be091d4913765cf2cc01edc7e0d3820e1b8a46905fa4213a4c24433,0840505001 0443696020 0826942002 0625653029 0739092005 0625653032 0542982018 0562677017 0509457038 0720810017 0804241001 0442915007
00b5bd5358a05155631bf733a933ecff5eb872f5143af59994ff3e62a97476d7,0649551007 0742745005 0779957004 0727954006 0633152001 0630812001 0650626001 0649328001 0632151008 0815309003 0706523004 0641815002
00b6ec8613e51d8eadc5157f5a12ae1366ca29da7d44cc8d0ae1e667dea6f268,0535162003 0506379003 0521262005 0530302001 0564031001 0612674004 0584581002 0529018003 0253448056 0559226002 0562914009 0608091001
00b85712d5e677f7ae3bfa9f9b5780a6eb328e99aeea633f6e8a3df5589d6486,0754006001 0693235025 0701784002 0694298005 0533022041 0857265007 0624443011 0533261018 0814306012 0795190003 0462435036 0886489003
00be0a263381af38132d31225e8fb12fbc527c654b446484fb672a78118f037d,0765499001 0743215001 0712411001 0674412001 0902726002 0822295001 0772232001 0663361001 0906501001 0648603001 0808473001 0895572001
00c09e66121ad36f5a8d5039cda266d60bc53daac0b7ad14f19cbbf97be0b160,0624684003 0716333001 0628331008 0767862001 0805931001 0876337002 0765513002 0508182004 0688341001 0736198032 0769699002 0357130017
00c59bdfaf753688c62cc13f67382dd54275f776a2f6a6ebee11b27049d1d7f7,0708098001 0776885001 0620928001 0700876001 0584449002 0579198001 0617822001 0702762002 0562397001 0510789002 0683431001 0514134001
00c83c269bedcb5135799d3bc4a7ae6f134d57bdd1be071486ef152b2ef1c300,0755080001 0787153002 0731413001 0111609001 0342060001 0910258001 0945308001 0671632001 0910528002 0846407001 0711045002 0794521001
00cd0391b52a160dce983a43c15a6e1125d082b78dfa21dd9fe0ce2f86805b74,0718081001 0754413002 0939160002 0825720001 0749044013 0695288001 0625174001 0756105003 0693459001 0719239001 0636608001 0829005001
00cf4505ba84c01f03c47829352054483acb59a9492ed0eef597dcf030e9e58b,0519847005 0532578010 0695890001 0648703003 0874817002 0665263005 0657850002 0537346024 0696124002 0839478001 0751839001 0807316001
00d316a9b10b3d21094e4931f41a42ec7d093bbbd53c7b656ad830be8e6d1565,0763323004 0672590001 0774953001 0578470001 0903331001 0312878001 0659459001 0672573002 0672573001 0708845003 0708714002 0672590002
00d774cb18ec8f8c73f4a76846782013803b88f206dffd39638a15a8725a886c,0811273006 0617735004 0807681001 0679042002 0768939003 0699193001 0778725003 0908381002 0433414034 0927993002 0540382006 0463601019
00d781e94d9a533dceb85a8d50a898d5987ad9921ea8c6945c247be7220bdd81,0797988003 0627009007 0811273006 0617735004 0622094001 0571342001 0569921001 0502717001 0642230010 0693510001 0669534003 0687114002
00da14cc2ed13b9df1425be332f190877d6607aa7c79f761d7605231fd532814,0558396001 0580477001 0665311001 0593184001 0917919002 0726178001 0652198003 0630316005 0439285001 0698786001 0685196002 0671505001
00e1f75b5a9c8deed486dc2c409329e8aaef117d314e01fe0c08a7300d4d9f03,0787185001 0706472001 0747545002 0839242001 0754267048 0670233004 0789910001 0695972003 0720313001 0855239001 0671974001 0629061003
00e66bb584bb15b519d91b1979bc7ba33fa0ac956000263db19c0036ac8bbb80,0637561002 0661670001 0666621001 0646272001 0681358002 0707360001 0686919001 0693312002 0646429001 0871501003 0713602002 0540701003
00ead79936275fbd3c9cf7863d2eb1b11e553789c48149fec39eb4086cb64642,0573323002 0457292012 0607595001 0860231001 0570367001 0629824003 0692653001 0837708002 0801431009 0751870006 0491913024 0710708005
00f422e9990c411c736a3d0a35a1eea4cdbef1d419fdede13c01eecb99da4176,0676979003 0531684001 0567993020 0777099003 0585929004 0562397001 0850446001 0616695001 0520513002 0529733001 0568938001 0604352001
00ff637ac0fc881ed8b09088ed68218924f87f4100842dbdaf2d26c138fcbf2e,0687173001 0764598004 0660495001 0796806001 0696410006 0679285001 0585277001 0640476002 0463536001 0604059003 0661414003 0564334004
00ffed0316ae807cb9439799d73cd61fd7f6479a0f9a19668ef442e3a775eb63,0744272001 0709175001 0672357001 0716951001 0678376001 0619234001 0774669001 0897167001 0796478005 0611144026 0684673004 0782377001
0115586b1ca570d4a4ef16b9a8e1cf62c9d519d43edc0bc7bdca09b5af2b1370,0903207001 0785914001 0510684009 0777467001 0755629003 0775340001 0689085001 0682369002 0715099004 0675757001 0685681001 0682204001
011d7b691e30ed7eb65d0f141dba11c0d4aa6d30b0625eddc713b7172d4585cf,0677478002 0664618001 0619502005 0704658027 0631536005 0577425015 0682623012 0639452002 0814764002 0867846001 0868817003 0751793005
01271359dce99de537d6a3fca3c4dfd3732b455ec5085dc0b1623ab550fb821a,0583805002 0617047004 0620197015 0864316003 0897689001 0886201001 0534182002 0581941003 0578470002 0599083009 0919972002 0912075001
012bbedf2efe728a7407a5dc842a852f8e09e9ae9727110c916ae13ebbc86395,0715321004 0620424056 0816111001 0724355002 0888207003 0590203003 0679526001 0616875003 0466948030 0702763008 0656015002 0777785001
0132d21d866697c428e4d6ffb02548fd71966aa88c8f5adea314e2341f8ad87b,0653122002 0607084001 0791215001 0683431001 0800530001 0602232001 0505751001 0555326001 0517585001 0552018001 0590734006 0491011003
0137b87739a796f65396d8483173f66318039d19a2583f33f9014a6b6f38719e,0562613006 0594987012 0614854006 0487932024 0465655016 0598515028 0485542010 0464927008 0748355006 0594987023 0614857001 0804916001
01393ee2d1e9494965b723a22d3b09d992a1b450d17621c4c970ef7faf4d0d8c,0753737015 0755888002 0705988005 0749615004 0655784003 0714032005 0796786007 0399201035 0749801002 0734196001 0766402021 0910449003
013a3d7d6d974a818bcb8c5181b4f5016f8973550f42e1049b86053643ace6e2,0665233001 0689020001 0574682002 0602348001 0588146001 0527487002 0563665006 0534268004 0579470001 0608667002 0533971001 0560558001
013cc00a6fe53e361d8b5da4153c5b8907c09bf951dd4ec40d915cf7127c0e6d,0499291005 0620255001 0606722002 0486774001 0586412001 0527687004 0566070001 0505710002 0564985001 0571430002 0555985001 0522178004
013d1d9e3414787ec7bf048697592b6f76dec3bd5263e485e64429ce387ed09c,0580338001 0717490006 0635420002 0685454001 0550386005 0716024001 0593260001 0586014002 0854793003 0450780008 0512237001 0542672003
014838e4a1fadaaaa5bd2504b73861ef89db7a86b1d0b19f0fbd8bcdd5c3f414,0507563005 0560325001 0571177004 0629426002 0626628001 0695581001 0584577001 0591628001 0841862001 0775825001 0634744001 0876721001
014cbfc591254f0cf30df52b660f94dead60c8d3eafc00ebb3051bd196bdcd8e,0721270012 0636455003 0797988003 0627009007 0810170014 0562245108 0674448003 0762600008 0710899003 0670334004 0800421002 0516903007
015379bc0ebfa21c432af0f1eec4cfdd83d88f3af3804fb42011610866da0cba,0934536001 0572546009 0778506002 0606322009 0782479005 0821740002 0727808001 0788328001 0652591001 0783186005 0540768027 0705988002
0157179e65d9394de74d06dd4558456a016a537c55e216a2236b90ac49101d2e,0552346003 0348168005 0547613001 0613269001 0593260001 0400319005 0549253001 0694968010 0753512001 0884245001 0622981001 0754209001
015d779989111f5158d089a639b42390cd864f2001b1ed2f24ad78fd37704271,0613952001 0611410001 0561193001 0625528001 0641202002 0567699001 0573421001 0658541001 0625190001 0625969001 0649615005 0678125001
015e83393e4fc3b071ba6fc5f174bf3bf9813c88dcaf3e61e34c6525984d0ed1,0644275001 0659301001 0678789001 0674509001 0625342002 0850617001 0658304003 0764387003 0870548001 0860904001 0918576001 0870501002
01624a723db9eb160f1ce8148eea035963527b2ddca1816d5cd79b94bd16bd92,0555109001 0792277002 0614496001 0657287001 0639525003 0639738003 0628785001 0661414002 0589017002 0253448001 0655252001 0628788004
0163c83a9a9e6a6653ab4aaf448a2773168cb76e74712456c56ea722df4ee5d8,0834069005 0655710008 0738539001 0786197002 0639838002 0884750001 0625216042 0785948020 0703207002 0719579042 0669999003 0564312024
0164840429884bbb47f2a342ceea1f0748650d632cd7e3ae962169ddc5abc7e7,0487052001 0591470001 0522722003 0176550016 0554546002 0577425002 0487053029 0584438001 0541027001 0589491001 0531862001 0583116002
01657d86ad3c7c5a15c7de441cc0a57c3ed9a3618b368a61aac06070f585df78,0706637001 0836344002 0694182001 0700833004 0934727001 0693177001 0694153007 0724482001 0843555002 0695632001 0926436001 0748695002
016a5e92559854caa17365012de3e26cae632c968dbcc9b0f6343a54223e80b7,0783647002 0649445003 0679906002 0782137003 0537076006 0789734003 0608964002 0589222001 0620778001 0615183001 0676540001 0412031001
016d8f0519d9e0572b3abebeab87408bad7a5c3a2840161f7de2f2900f39b6e6,0793941003 0748748007 0755599003 0781787001 0663039001 0752085001 0647490004 0891728001 0691715005 0699622001 0747004002 0875002001
016ee5d84576b72727d7c812df0080f8fa551ba7156593a5ae585b16608e8077,0889669006 0732874001 0811443001 0569978001 0922037002 0485176004 0818257001 0904801003 0765599004 0673707003 0513325024 0676123001
017ddc94fee40ab9a24af073a4c69282b4c04e094d53a96dc0c97642b5d3b25d,0678646004 0640174002 0719203001 0701685001 0788511001 0749564005 0914557001 0636093001 0639835005 0660830006 0636095002 0609146009
018584209ee49c1e2a461c7773bd642306432ff77eef6f32881c56bb3bf77de6,0630542003 0806973001 0685681001 0678963016 0675757001 0675508002 0761504006 0724626004 0905660002 0905416001 0839332002 0697027004
01887181e59ebbbcda75875d5df516d0ffaa26581ffd78cd909795732e4be9a5,0787185001 0457892003 0764228001 0514577007 0656497004 0763323004 0733839003 0662344004 0827307002 0756628001 0876415002 0697050016
019169333a46eafc04a2a49f04076aeb5bc7f33c403e8940e39048a9581ce753,0615988002 0833499005 0866383003 0570190001 0609282001 0575673001 0657291005 0529012018 0643925001 0638811001 0747786008 0560214003
0193e3d59eb1a5625b36f53e947c0237ee16c4bd2f7ba7da4bb93efb9e17f66a,0745186003 0611033002 0853594001 0653719001 0482638003 0824535002 0619199002 0808631002 0701307004 0807908006 0627334001 0860923001
01959be607170cc2f092ee8fd13eda251b13cde70ef38dd37e37dcdadfde3b9e,0682028002 0862695001 0842952001 0440811013 0801505001 0828116001 0655956001 0504155018 0782479005 0821740002 0727808001 0788328001
0195ffd9003a84142a7fee9fbd85b97f111f054a1ee1587b2b98b60d506a5f1b,0262277029 0692179001 0687704019 0607249001 0869158001 0789622002 0678346002 0469562067 0800531001 0562245108 0683653002 0682848002
01a9a077a83eacc6fd946a60c4ca2aed16219fcd83d31e3110fa04630c42b96d,0262277029 0692179001 0687704019 0607249001 0585788003 0571473003 0518205003 0570926001 0822117004 0767181006 0674741004 0868230009
01b0efc42c236759c44edb9b3c97c9f213d581ce647cf8b16659a9b2eb104df6,0685687004 0692454002 0656719005 0685687003 0685687001 0631848002 0555347001 0688873012 0685687002 0617322003 0625939005 0611415005
01b2ea4635479ad47c3a5eea6659e28f4f5ea16bbb6180bda7a7a3b18cade7bd,0653290008 0827094001 0792899001 0735749012 0735357003 0790686007 0806794003 0573284038 0699923046 0890734003 0215337003 0774075002
01b408ef638888ebabe6ba61e3e9cba93131152d371b50c8aded5eb1ca3aa3c0,0688558001 0830869001 0590083004 0653416002 0865929016 0695583003 0652851002 0661807001 0620337035 0348330026 0799431001 0634016019
01b855043167c672d20955a585f39f590a854238bd78149d4e0802362a40d2de,0635141001 0578416001 0588676001 0572023005 0578414001 0555651001 0609014002 0581583001 0501325001 0481151014 0570745001 0554756003
01bf0506fe8bb4b830a2b0a4459f11565f6b687c615008cdcd59b3abf6df4bd2,0892337003 0892337002 0890683001 0732188010 0655882001 0578474001 0598636001 0604190001 0717690002 0667499018 0688873013 0691208001
01c290bff9641834691fef7f4b68ad176353d6971ca85e22efeb92c3aa3ffd35,0794574001 0713699005 0726177002 0759391003 0789303003 0860894001 0894141006 0599083001 0751468001 0707519001 0819099001 0794094001
01c3653cafdd569ef34e36810d1c1bda71c0d425e568278d0cfe05cfb6604a1a,0640524001 0662948001 0624062007 0618389005 0651461001 0693280001 0891025005 0838770001 0688873009 0928189001 0781806001 0830365003
01c8cb2f730cd7253bd3e290d98823894222b305139631fc0471d8d0b3a4bde9,0669642001 0647751001 0653747002 0655434003 0563519001 0685170001 0831594001 0838510001 0859158001 0897434002 0624242001 0947235001
01cc2111fdf0603337bf82c79130e2144248bcec1a69cec7e28af56c0c78a4da,0672448002 0631170001 0110065001 0644763001 0875105003 0556527008 0509091026 0570463001 0674448003 0762600008 0624062003 0598644005
01cdaf4a8603d1aafd565d05a7e1013d1cca48ab378fa83a68cfe01b52874852,0640597003 0586361002 0611144023 0464332001 0687934001 0413911012 0636385003 0581051002 0547087001 0607054001 0580391001 0520457003
01d106a0b45ae7f169b3233d332bf325c80c24d4d160edeccf7d70905077fb86,0717063001 0815833008 0638825001 0653812001 0669396001 0797988003 0657815001 0673900010 0750422037 0882765002 0690449009 0837705001
01e464bf74b13a55df22de1528eff2b33749c0cd92953b62bd22dee2de17d1fd,0585929001 0514865026 0861095001 0827487001 0690933005 0573085033 0731523002 0751342006 0911454001 0581178009 0632637001 0566534017
01e9439a70175b81a0fcfe7c066a23890a57ca97b9b6d4209b041dfaace79f3e,0732690002 0763322001 0659459003 0658069001 0689985001 0651517002 0639104001 0565481002 0724906007 0798938018 0665475001 0641840001
01ef5256e6264e9d50b11a08e9cfb2f2291324fedb4140cf7b4ad070548ffd8f,0686712006 0771274001 0605797001 0714375001 0642437005 0732311003 0631818004 0611235001 0608007012 0597745002 0673933002 0638443001
01f0287961a0f7453c24e6aede462f55f667e705156f1e8b22c70a65bf51abd5,0719260001 0688873002 0816075002 0690107001 0882066001 0648256007 0570588001 0589000001 0557908005 0625787001 0619771003 0594879001
01f040495565a44cbee048d8a0340fe1ba46243565d634a9a574c69fa4b01ade,0626443009 0626443020 0627554021 0877961011 0817727001 0910177001 0680262003 0708309001 0567635007 0782904003 0635888001 0932365006
01f0af0b062a155ce270aa4cd7420795b115dd9320c143eaa10213f13ba346be,0654046002 0463536001 0585277001 0640476002 0604059003 0571177005 0731608002 0864668002 0824764001 0753094004 0785414001 0759009002
01f597f5eba83f9709eceb5a70a99f3a4009a6e827bf7293afa4211030a29fa4,0699755017 0648703010 0660201003 0641237001 0551790005 0857414001 0696051001 0557248024 0583533001 0861558003 0678064001 0696439001
01fbe7968ede05b116c4d878d47ed4fd33db355c4b3311c2967858f059a65dde,0640241001 0688881001 0567635005 0827697001 0746453003 0707364003 0464454017 0690513002 0670286006 0625927004 0635473001 0647754001
01ff82d2792db8d2f92caa1e934fd6a122117f99a47f500ed25e550b7e066362,0685687004 0692454002 0656719005 0685687003 0685687001 0631848002 0555347001 0688873012 0685687002 0617322003 0625939005 0611415005
0200775b1e95937f4711156d1eccaff5c8d7f7627ad6ac7aa941ed2ad28ab693,0291338020 0156231001 0619739023 0293510009 0673390002 0525979001 0665852001 0581228002 0599708002 0599708001 0581228003 0582462001
02042b44255a14412b92f126844f9b33518e2cd598dc36d89d9931907e966076,0787849004 0522068004 0617822001 0714377001 0678342006 0677999006 0717490006 0877461002 0548744001 0560326001 0518806003 0608338002
020bf2b7e1b1d36c8b7ea7e09782d5cfc7d4c31a74066075a73ac6015ddf5122,0762600004 0629095002 0636095004 0757589002 0676573001 0648703012 0567968001 0709992003 0762600008 0909925001 0648738016 0909576001
0218014619321c250395c5cb9bc9f5323745113f61f3a136da2f3762df5930c9,0764415006 0682832001 0647190001 0824778002 0840029001 0829466001 0581153004 0674292001 0620745001 0705786001 0759159002 0717930001
0218e0970319a0f68ebb78a6cdfffb8ddc461d0d02eeb8e8ccf02287ceb05807,0605741002 0740425001 0638841003 0727248001 0873003001 0283236014 0648203005 0637411002 0619552001 0667936001 0636809001 0633600001
021bfdd3e66576efce4fdffc66c8e7837abad6ac50c10d3ac2c912e5558efd8a,0710899003 0670334004 0670334022 0698048002 0624066008 0637609006 0797988003 0627009007 0691072008 0676539001 0618398008 0837786001
022064800152ad93969188799580e0d2173bc7696f6deec3157f0938315410b4,0580477002 0580469004 0614734002 0580857001 0580853002 0556439003 0674389001 0782066001 0673905001 0599680001 0580469001 0837139001
02245dbf97e78482e7b6f23ab4fbc7d445ec57ddb9930d4b23d03b1a1e4af97f,0670286006 0625927004 0581244002 0689014008 0722498004 0662349003 0599742001 0556658001 0763634007 0893352001 0573704003 0610693002
0229e18d3fcaa6a95380a822b4edc611e7933dab4382979b97d502cb477b0ff8,0808706001 0678707006 0711562001 0832816001 0641803001 0756198003 0897077003 0788176001 0860264002 0781833004 0871492002 0865430006
022b4a549932e91686ed9cf3ffbacc2422343f5bc050127db1b23f6a3e5bf020,0563160009 0791490001 0716205001 0418545037 0472064005 0514577008 0523479018 0693208007 0622981007 0617289001 0664254001 0566534017
022d28daa94930566e6139ae25faa966bebd5684cc486c59588d7e9b92262c50,0673771003 0601595001 0735988001 0616598001 0593290003 0562252035 0817095001 0702014001 0590716001 0680846004 0914541002 0912049001
02334389c86031bc841c43b000006162d3bdadd0a88acd650eaebdb3f1beb9c5,0598515017 0934259002 0562613007 0766919004 0605094032 0598515016 0785855002 0486782002 0894788003 0614854005 0785856002 0658601005
023807eac529e635ef40b48d61685876c7487d129eb2384e3c335d8f66116874,0638842001 0658568001 0624917001 0832933001 0795819014 0843614004 0633785041 0698786004 0633274002 0794065001 0619881005 0702760001
02389a26fba684b9fe51d6fc3f84d10614dde2d5bb9c72f5bfd4c7f2c277aa30,0541706019 0836997006 0743642004 0599773014 0590951010 0569997031 0805503002 0437783003 0651368001 0237347004 0569974001 0694589001
023b48de81f6af9de6bef17e720e3873ce40df3f561c975cfd47eaef5f13d09d,0594997001 0610842001 0586896014 0590928004 0537085011 0866269002 0589599010 0582480005 0628734001 0589599022 0612004006 0843869003
02425a33ee2b4d547b1e4ca9ea521759a42f896af933bfd132f488ad3b6cceea,0882882007 0552370007 0882900004 0706016019 0756014001 0653114002 0573085040 0744242014 0554450011 0622877004 0637266003 0569677001
0246a0d28554496c1214de05bb45de56d41ba29bc356d79a7ce520aa40d7c2e6,0650511003 0818890001 0824031001 0856346002 0818600002 0754348001 0616763010 0612719001 0612505002 0816228001 0682262001 0707481002
0247a4cfbe56ac5e1c0b5a91b0ab0aad812f6fca13d4fd7dd72cf870d4195ec0,0792521003 0677889001 0659143001 0646084001 0669872001 0824548001 0619739036 0764291002 0288825018 0619739065 0291338032 0619739058
024cd49f530560442418b0fe9558ee9a79c62809b3bb3a6fbaaf04c2b9be9d2e,0506495009 0610747002 0624512003 0561210001 0765907005 0880485002 0635517002 0916306001 0729095001 0637566002 0687424003 0855210003
0257cce57bcfd65d958d44d09bd52c80b07b5a5aee9fc625599b6c13ee4e1b9e,0797988003 0627009007 0779888002 0781758008 0587264001 0459144008 0536699005 0672310002 0662696008 0811993003 0879953001 0400342037
02587f4f566315388f44a3daaa4525146d79d5ae6b2837cbf55591ec1512884d,0830941001 0814614001 0695214001 0734930002 0752052001 0868382001 0661023001 0670063001 0732311003 0684062001 0674810001 0651424001
025b18696068392821f083b1eebb31dee1f6704f243f909c025dfacd075bdaf2,0795820019 0680263011 0631997002 0720125043 0750528004 0510407013 0619739023 0291338020 0666167005 0673390002 0266168003 0619739008
025d110f771f9d4bd41abd0fadca58b1be1553c895c7f6b0e79a13dd1d0b67aa,0582754002 0622684001 0650503007 0804499002 0926737001 0904066001 0804507001 0578863001 0907506001 0715664005 0747719004 0756948002
0263bfe4004755185ded376e186511eedd9f5a190144ac6699fda9cb038ad178,0744255001 0616711011 0793911003 0698899004 0624311002 0570579003 0560270009 0683864001 0747854001 0831593001 0599945008 0915850001
026a1fb8bafd82f69183ae5dc8aea146c48c31d8ab03a3e711a9bc3fcec3a4b8,0628935002 0562245057 0706016006 0909059002 0585006004 0751471002 0667387003 0416961004 0743630007 0893644002 0789942002 0399201002
026e959b1715d59d827c377bd1f9ee4464e105695241a2f4053385d036aae6a0,0580054003 0638777001 0576693003 0843873007 0610046004 0710278001 0589599009 0591787002 0559619003 0615939006 0687034002 0687034024
02703e242da346fc85f1aad21208d1103e62e705564c81ca2b6edf943032320a,0658601006 0639257003 0916823001 0757971001 0509091010 0652657001 0584585003 0700761002 0589766006 0656031001 0684012001 0488614012
02722fa427178b9ca33fdaf1050d1c15472432abd33e0048207701534feb5b20,0851680001 0810921001 0702840001 0653185001 0574594003 0587472001 0502836009 0592390001 0321591012 0699810001 0692155001 0511783004
02735a7da462484b0adb3857a81a6a062dd37d18a716a47318c467ef2a96f9f0,0557035003 0705805001 0503475001 0634241001 0712313001 0693649010 0580857001 0556439003 0650505001 0596278002 0580457001 0545258002
0274e757cd770c98113d22951237e9dd035fa27567c5d521987222af2e0f9592,0905465001 0845923006 0675139001 0664074020 0802989001 0667507001 0770916002 0905507004 0622444003 0603577002 0767473009 0865973015
0277917f4faac280023baecd03c3790b951a9403085da13631983b6c3d7eced0,0666031001 0699755091 0769867002 0686268001 0911167003 0768205001 0692627001 0855239003 0637549005 0694509003 0512743005 0852643003
027a44c9bd659ccdf287096ae82a20eb5e28d6e54f2685d55323530640c7fece,0569099002 0704661004 0914868003 0717063001 0506110001 0608458002 0462162014 0569447001 0606395001 0627047003 0629023007 0763195001
027dc9299f3cd24a1b30fa3bc25dd619993f7e49e231debc3f256efad523407d,0779331008 0607367012 0820873001 0716348008 0887164001 0836393001 0633531002 0650502002 0671011001 0695908001 0607186001 0540739001
028c2fb1495304ccc3208d8335ec2fe8fcfe19b47bb279df6a9bdb410332a082,0912092002 0584327005 0663679001 0685468001 0728719001 0681358001 0857227002 0690950021 0633977004 0751091003 0714379001 0862937001
028e765770e7b56b22210ffee86c332e849a52309bb253d62da0b44d082d66bf,0639349002 0653223001 0408104002 0495725005 0617781002 0678063001 0717484003 0658926002 0650974003 0685468002 0648995009 0608213009
0291b7341d510fd571abf640a3c5ca7a374e6eb832a60961da02033b41b66735,0808467003 0656121010 0898192001 0854025004 0852384001 0581154001 0785650002 0705824004 0707180001 0608388001 0610321006 0825063001
029ceb992cb63df03c109790046e3fdebfce0b63c968823dd461b7f18ecc6b30,0906794001 0669396001 0620405002 0666254003 0717063001 0556675002 0703540005 0854780001 0682250001 0627101007 0776885001 0708098001
02a02c0969c67adde90ede610a54b365c31187872585eac40590c7327ebd7783,0662904001 0714419001 0794238001 0685188002 0663937001 0663970006 0616799004 0814070001 0753737015 0755888002 0705988005 0749615004
02a5fec03154399f739b4f8fbf1a43a9899fbbb24fd93cc9fd4674cab11cda8e,0750205002 0558986006 0763200009 0627572008 0682179004 0673231001 0627572006 0870517004 0616347003 0678054001 0803742001 0656491005
02ac1b454f4854ea273f870e32fa8f59faf2e46e0c24aecd45f44d8d06e98bd7,0738481001 0820671003 0820244001 0820934002 0809357002 0807288001 0870059002 0615375001 0816588001 0865142001 0883533002 0839904002
02aeb94d25610a3887b078c7eaf7d1196d0f041719ddc02ada82395bc05825fd,0870345002 0889379010 0653828014 0892412001 0816166001 0903870001 0630781001 0759607001 0728892001 0585398006 0740466004 0663472004
02b3db570d4063d8005de2fe1ba4d6fae39795dc37a993f0f6fba313f9a2a744,0658320001 0704048006 0610747002 0506495009 0648173004 0672748004 0156610007 0525838002 0517585004 0497706002 0499878001 0534122001
02b4b6f6e43c3eccd8b8889330654519ac3c55e5fc2ec36091a416ec6471d9c6,0672054002 0693280001 0598644002 0662157001 0618389005 0616732001 0693208007 0622162002 0627007002 0674336008 0506495012 0618451002
02b50a52742b3a894cd5d1381bd3f462c3e6eff30f9dde8640b3697db2fd024a,0876148004 0703638001 0810393001 0831543001 0928826001 0800093003 0569978002 0547780028 0548111005 0903473003 0844999001 0699623001
02ba264ea5c7130504924f49228bcbaaa9ee96b76a6b4b0a16e19e691cf59f7b,0567418015 0597513014 0433414039 0576947007 0523707001 0630777003 0660599014 0739334004 0699178005 0681919003 0679854013 0446224016
02bfe1a5248beb9cd28ad4ac630a6d75e78d9a3e14551abee7a5a28d5812ea77,0674509001 0658304003 0870548001 0631752003 0710899003 0670334004 0670334022 0699755032 0744585001 0813602001 0854576001 0752437001
02c13bb5a2502db80d1f18b7db8ac0e250df329ba2b4aa0ea64df812ef946d2e,0866030002 0721932002 0856192001 0568456008 0811525001 0508691017 0737311003 0916866001 0842755001 0683399002 0738913001 0539217001
02c92ae97b966ec20080b6b2d15ffa768c8cbaceee45c329e89a78526b357f7f,0699671002 0659388004 0635472002 0702989002 0683588001 0619786001 0555622003 0572127018 0594999001 0544054004 0600229004 0611561007
02c955452f97696cbb01186f456adc89f7dd9828c6e39012c400fd26cbda47b2,0534164001 0646803001 0458393010 0587272010 0615022002 0494414009 0570190001 0609282001 0575673001 0561548012 0610074001 0561879001
02cca9fa806e222df1332afe49102f67cc35970a39471d4737c770e94e5dc492,0675274001 0665717002 0579346001 0870355001 0628535002 0840426001 0661577009 0825984001 0716204002 0810383001 0710611001 0739503002
02d2cf9bcef0d10ae22bba38ee25c0192bc41d9a45b46ceab7467ca5a43f63c6,0820827002 0573085059 0810172003 0920016001 0751559011 0555299001 0262277011 0399223001 0817557001 0399087019 0631170001 0601472003
02d37b5d9116efbc2dc6420de3b30376039e2af283beadcba3afc936e41ae715,0399087021 0730863014 0882882010 0636207002 0656719015 0909059001 0749268004 0664647003 0617311009 0905803004 0751471019 0753112007
02d796ea767fa2e94fc6228fe70d8af1a570da973c32f7ddbe7ac747ce4a6666,0495685006 0443078003 0677236001 0874356001 0620794003 0516712005 0726443001 0892193001 0665399002 0873679005 0672320001 0560393001
02e0910945216963833093e0e56712e7362b01b7ef0cd4b375f857542b085020,0916000001 0909955002 0858871002 0820542003 0737060002 0606380002 0624257005 0644362005 0825218002 0237222001 0692285002 0693456001
02e45757a6bc483ef7a9d086c3800bdab53ac1cb9840cfad4381d4fdea7820bc,0844727001 0902012002 0640176001 0669642001 0819141001 0563519001 0526261001 0892298001 0635151001 0620081006 0662866001 0714582001
02eeb7d86c6d8dd801708091ed48bd654940c403ef12cfc10e4abc5eef90866a,0611221004 0522398028 0361401005 0559018008 0548129001 0774040002 0484205017 0588245003 0619847001 0549333001 0631629001 0720815001
02f10c94c36c9f8d06ca2fccb131f8579cbabd1e3fb90c64ba799ad6222ad600,0533236001 0514421007 0261526007 0160442043 0869846002 0711405002 0823671001 0882899003 0622678003 0530524003 0934536001 0572546009
02f3b09da6d49f6fc29547e4988e34eb9e0406cc53bb52d2ecf3b77e9e741a85,0408875017 0651863005 0602687002 0806780002 0617900008 0584200006 0917434004 0741357001 0664074022 0588681001 0886976001 0668213001
02f64c00a1c75904920d7d0ce06c85dc30ce93b14147db8826fab00ab1d7a1f8,0727954006 0742745005 0757904002 0704440001 0682254006 0780418001 0779957004 0624632002 0682254001 0821026001 0815461006 0680396012
02f6cba4ca8942ae995a5723a271ac967a3b51973fef556ae6eef56e6a2454f1,0842718001 0852498001 0899749003 0630384001 0540768009 0612455005 0673901004 0779842002 0559129013 0905776001 0533746002 0611020017
02fb616160a91e306ff84ef3cd1333f0cd7d364df06d6746d5b313af7ff7be7b,0520628003 0589139001 0484538004 0595938001 0412707028 0493810001 0484767009 0611522001 0603574001 0553623009 0512187004 0510684017
03023b630d51f53fcfebbbb0182e20a51de1b0463a85e9b5eef540ceefa95434,0797988003 0627009007 0691072008 0851992003 0703610001 0679853008 0833360001 0578422006 0677930026 0636094002 0663009004 0696996005
03047ce62398549486db59baa6ae4b75f1f34d2e5ed2c61ed4622d5f938bafb5,0567819001 0554541001 0540395009 0416961019 0546576002 0559139002 0581781003 0559129002 0566556005 0449897018 0533746003 0501117001
030654e7a0c6b286996114368a92fd411cfa5f9d4afcbf4086b512b8b1fe6fd4,0574060002 0561222001 0575519003 0560375001 0606288002 0582030006 0648173003 0607028001 0569976007 0547248002 0495680001 0624514001
030b237f78cdd4df9a13c92900a82db7a18afc7556f2c1e643bc008f0bf38ff8,0528622002 0599072001 0684838001 0596119001 0577638003 0599903001 0557596001 0648769003 0586783001 0607392002 0610730021 0554716001
031087414c01a0524b5c9d121b98ef5a93f240db16392302bda5bb1e5e7bfb4d,0772119001 0857880004 0716110002 0668153001 0585929001 0514865026 0538226001 0533570002 0751989001 0755868001 0681815001 0634765002
03126e45c08e82cd192b32cbddbeba63387e11e5531059d1e75b74a422f373b1,0868253001 0573285006 0623859006 0578859005 0421387036 0723408001 0630116001 0680262007 0717063004 0640597001 0651723002 0605777008
03167db14498eeec75153c7e582f25925eeb861ce3e04be9b3b58d83d23559a0,0673835001 0439285002 0594542003 0382127032 0926431001 0658509001 0782758001 0416157019 0686116001 0592063001 0562245015 0554541005
03176a1445de4730c2ca5d514c3ce2182972ad42dfae65f4549778a2e918a7bd,0596508005 0631770001 0695908001 0650502002 0820410001 0680441005 0646811002 0633925003 0882728001 0652999001 0611678001 0546882001
0317efd288c703a2531d89567ac2c28321ef8a613b5d2485430c94633b37ca51,0522461003 0597818006 0782545001 0792456002 0577425006 0453065031 0423900021 0541398004 0511783004 0342034003 0754304002 0469021001
031b1633a7b3df1b5c63487b254981b5dd3606d8d643e99345221577cf581fee,0811404003 0747403001 0752945001 0808305003 0763196006 0840360004 0702493004 0711733005 0672017002 0810921002 0653221002 0653706029
031c4471e23612911bc9a372edfe3c50847aceb7d620b1d8c26d468cac10ed59,0680318001 0741220004 0589896008 0504960004 0432566006 0545090002 0487800017 0487800048 0681373019 0806176002 0629293001 0777397001
031dacb19b2f7003ccc838290d15c933ecf916503c428c9205ed036373758415,0526887001 0564043002 0575605001 0570002018 0571877001 0529581004 0490793010 0576314001 0591466007 0582340004 0511817002 0584667001
031fd5c927a91eb96dcc6446e57898bac8992494520c61f1e69f4fa46e57fc0d,0552743001 0609146001 0677760001 0567411008 0504154021 0552743029 0399087014 0686397001 0778506002 0743630007 0893644002 0789942002
032046d984f72fe8d5b3cb151932c5c3f5c9f67e6b1c619dabae39c684280519,0756768001 0921210001 0663568004 0737601002 0674606043 0726199002 0892080001 0797604001 0826045004 0729928011 0923727003 0729928026
03264406f2f5ad204e822bf1de35bfd78a254b7ebfa7436a1fbb2dd6702cad3d,0577425003 0373493010 0372860051 0654597011 0408664009 0304786008 0582642002 0667416001 0417427007 0656485001 0612249001 0612249002
032bfa2ee5ed4729cb92b26f029bf391e24ffd9d82040420b10514fb26433fa9,0786197001 0844532001 0870501002 0872653004 0861728001 0896912001 0558787002 0523732002 0568135002 0569550002 0557994001 0557994002
032c1158bed8eaa884e982247bce6ba12fbb46cc96db37f890363d5565443d65,0573432001 0822860002 0893420001 0817452002 0580869001 0820541001 0796685001 0905789001 0873796002 0664319021 0896851001 0824493002
03337ab0f54594f4ce96bfa456869d2d01e4fd99b49f07039462737375a3916d,0874719001 0751992002 0855055001 0772792002 0918944002 0940640001 0684080004 0611641002 0844877001 0659877001 0580301001 0751783001
0333d9ba2d726a88e105f58b664d0454ee8c3eb276c033241b31cabb69d522ae,0689085001 0682369002 0715099004 0711593004 0801309002 0696093003 0710062006 0849591004 0741482002 0763484001 0761406004 0687707003
0335a03da8ef485dda6f0a3d38fd1a10f15a87f82f2ccdaf97fed2bbc4ee47f8,0763323004 0681247002 0903331001 0312878001 0774953001 0578470001 0916307001 0725279001 0894763001 0534181002 0786743002 0647483001
03392e608ea301ba185fbc96db65586ac9b7cddb17314ac38dea3f47a66ad448,0777099003 0766995001 0786245001 0825688001 0495692001 0617498001 0450780008 0512237001 0817055001 0639284001 0718281001 0782573001
033ac0197a68724a4a1e2cd17910b8bc1caf97794624c5e965ad6b27b893e0ce,0586307009 0639834003 0572799007 0660795003 0643985001 0707147001 0634320003 0568696001 0605978001 0189691051 0561653002 0519749014
03489cb329eeb471615a9a93c47aea3385a35bda120f1b66c2d58057550e0cea,0793911003 0698899004 0573149006 0654564005 0540768014 0858225001 0785018005 0573152021 0718427001 0693454001 0176209040 0699755073
034f0c7ca393e5fad0a9d12f71c54e346fb65e9fcb2df69c081eec1e554307a1,0698048002 0624066008 0637609006 0675581008 0707518001 0657428001 0693479004 0717673004 0660147001 0693479003 0679482001 0693246005
0352a685354a244ea57ec3a605fc4e4c3c84b4c708ea38347d90ea7564e7ace7,0632523004 0810724002 0622955006 0656728002 0372008010 0661491002 0536699005 0672310002 0928088001 0783543006 0449570062 0379780024
0356c9f8f93ae3fac95c183d72bcc0730545b1a31732ed7086619496fc21f656,0652708001 0671513001 0658601008 0509091010 0570319001 0465655010 0639257001 0619412001 0647384001 0534071010 0652657001 0663407001
0356f9016af790146e57d6da4ec0a3d8a4fc35380c22c2c2db11f89a7d8368e0,0708098001 0702762001 0776885001 0663564001 0750960001 0724729001 0693717001 0723799001 0682250001 0926993001 0299733001 0740235001
035c146b4e3425ded9f666567f8e1f3b75f586988181b026ee98a1c790e51a97,0653552001 0606660001 0854525001 0467738001 0522518001 0729006001 0416387001 0579410002 0338016003 0554792003 0467738003 0859945001
035f7a644366318ba089234153ff965dac19d68c607a9b87b47e19336b679b06,0684851004 0685821002 0696987001 0723752001 0693540001 0687114001 0623632001 0618017011 0639349004 0625819001 0552473001 0560030017
0362038f50febc46a92c40379e85ba865535855c7e863384aebd5358d556d1f4,0589229003 0453828003 0502621002 0537076003 0562763002 0593447002 0676954001 0861558003 0583533001 0672582002 0871005002 0663564006
03688ec91eaf4d8569ec00a450567f829e122b7a368ce6acc390c4685542d5ca,0648995004 0477507006 0593988001 0463601008 0723275001 0417088004 0601468002 0589832002 0616849016 0784001006 0703664001 0586664005
0369aeafb7efe22cfa0fdf8290ee7ca3c2d53a54005b8c3f7ba60b1d365c3e9e,0679853021 0874817001 0902518006 0860997003 0907846002 0883079005 0662866001 0627007001 0567411015 0656065001 0661408001 0892298001
03748d7daaf2bd87ca7202935269c3220f335d98bd0bc1bdce16c844f6e59a25,0489001015 0557987001 0522725012 0541519007 0556141001 0569591004 0569566002 0454128006 0667499006 0796314002 0697050014 0577318001
037aac19361b0d06e6e9e47ba81d8524ee2b4f19a65e93c2a7728b1ab162a70c,0688728003 0786161001 0658601005 0752689003 0614854007 0894788003 0629426002 0571177004 0507563005 0649038001 0640129001 0605978001
038281b9c1466627192e0af455bd4fb84bf15fda5061c88702a1a8cb1e4697bc,0611415003 0663285001 0619285001 0464927021 0607609001 0669360002 0776885001 0708098001 0464927021 0619285001 0882810004 0614854006
0383e0ace6436d5a2b23efc570e14508274a7896a4bcdddce50783e47cd3d00c,0708672001 0803683002 0852257003 0791494001 0874754016 0777694013 0539290014 0796292001 0924926003 0837444003 0822819001 0809724001
0384f1a2abd76923b5aba3c1614c6a3845f3b5dd585ca782ed537817f57e9db5,0860295003 0864565001 0643991001 0881917002 0620216017 0694414001 0655291001 0665095004 0640424001 0617322003 0898573003 0695632097
0389e2e5ce41e5886aa49084beec73660c0092cd8d54bedcb70ec65d00c63ede,0817972001 0714032017 0873790001 0592975021 0722177008 0875892010 0664456001 0708095001 0708311018 0752814002 0802723002 0875316001
03968a7930cc35ee91a55f06b42d6ddd716ee0f57547a0ed997e267f5cccafe3,0534182002 0581941003 0578470002 0616070002 0417773006 0578471005 0534181001 0609206001 0570968002 0512840001 0881146003 0536522001
03a5702d7cb6348c937e600e495e020885a44463eb869c7a6fb40e6bd187afa5,0702762001 0750960001 0299733001 0926993001 0662257001 0725881004 0776885001 0682786001 0693717001 0673807002 0710397001 0696447003
03a57e049f4ff7d0ab791077026775e4ae12e213a437905f4918f3be43098371,0832520002 0669951003 0680846001 0640424001 0717464010 0572797040 0686406004 0676883001 0713355001 0563158001 0605254001 0542138001
03b9023f6752cfa45d1365e437fd07c9ac73a9c6f97d292814f66ef6309f9476,0590489005 0634665001 0647770001 0625316004 0586307013 0664390003 0649407001 0610363001 0642189005 0610729002 0636355003 0621048003
03b958999ff992a3d2090445cb81b54cdfd13d1b057cff7e6398a9fcf2c1ffe7,0629266001 0728156018 0728156024 0674400001 0799797003 0690217001 0753952001 0680390001 0710877002 0633234001 0805469002 0673707002
03cde6cebf0521a59472810ed9fb66c300c197a64c51f5473c99371e30280ef8,0585788003 0571473003 0518205003 0570926001 0579704001 0595071003 0620794005 0578433007 0519749036 0536373001 0490794002 0510644001
03d0011487606c37c1b1ed147fc72f285a50c05f00b9712e0fc3da400c864296,0859668003 0882269001 0761278003 0721909001 0620533001 0662553007 0779659001 0640373001 0690523001 0833343001 0793045002 0844115001
03d846993ebe0cef03c8fd8475a960ca78cff866e780556e8c6613ff3e3c0973,0874146002 0629381005 0627101008 0751551004 0677899004 0519847021 0674492003 0648891006 0600297004 0538458001 0569976008 0595307001
03de367bf4b373ddf9963d3d7347a5dca4a2aa99df2065ba388be35fab0f1c99,0874955001 0791341001 0849291001 0666254001 0904017002 0568808003 0541097002 0505507015 0717797001 0784774006 0658516001 0667036003
03dfeb591f1dee395aa5b498fcf8b12e3ffa72479f549a46a3e0ba55ebf8f9c6,0922071002 0412664020 0704443001 0624632007 0469001001 0696749001 0470167002 0760880001 0674079001 0680355001 0695110001 0649551006
03ee4315d16cd08e50efadf194a22d20f0ecb37c2ba8f2ee0c318f1741b5e6b0,0873323001 0757220003 0694111005 0663937001 0663970006 0616799004 0635957006 0717673002 0677930060 0874676003 0701228001 0862937001
03ef658609554eaefb7d558411f3db5da2fb951b930636e7286a715cc6c0943c,0892337003 0892337002 0890683001 0732188010 0673357002 0752814016 0721390002 0620226001 0697516001 0775624002 0877769001 0908384001
03fe6234ee5446aacaf41c77be890197f5c40ab1c1419569ec0d16aa4a65bced,0573231003 0599963002 0765499001 0743215001 0870958005 0738590002 0687869002 0519929019 0763743001 0852384001 0656121010 0264713028
03ff2c14c56358cfa899443fb55163bcac3cf67c2b5723d4628ba72b846f5f64,0686720004 0787178001 0756007001 0892193001 0767754001 0589526004 0634786001 0625543001 0800141001 0694736010 0702657001 0414102001
040127192a2fd9ac2a7cbf9dd4cf452eea91f230b55b607756efef01d7b793c9,0910451001 0761596001 0718727001 0759311003 0898378001 0766402005 0923134002 0698523001 0506408007 0853785006 0909721001 0741419001
04050a0433c9050f619b3b54ac4b63c14a2d8b5afe121e63f04cfa739eb7eac7,0661621002 0675757001 0707373005 0557247021 0878293001 0771759011 0540701007 0575673001 0657675001 0575316003 0572955002 0633749001
040a73aad40b8a90b8c01d97ffc8594b30a619c7e15afaa51c926c51ff035d89,0847862003 0769912001 0580041001 0757194001 0635168015 0545512001 0622094008 0755868001 0675662009 0899570001 0448515034 0692979004
0411ec52310f2e471a5daaaaaf03a9e7ef52cbb6a3e5d85bf0bd8c9f6428e144,0612574001 0531509001 0701729001 0811913001 0639667004 0917610001 0549414004 0225286014 0563160009 0694169004 0568065001 0749286001
041945bc40e9eb39961b31ace67a72330407123def487ed680267dcd6a4f96a9,0688700002 0727039001 0656080001 0535390002 0649456001 0554541016 0564523007 0608438002 0539723006 0629603002 0571598023 0556527011
041b31a7f12c6ccde9c1f2d9e8fd5cb960cdddffe289b443bb4326a47e506a51,0831460003 0625773003 0694182001 0874493001 0929161001 0797112003 0792436001 0646592014 0749101001 0870962001 0752139001 0626446002
041f6c7b3be2bd8e8f34a007fee89e4db4e5844c5a0271f4ea148c5aa00492de,0522638007 0615042003 0676320002 0648568001 0355072045 0257430030 0522068004 0613456002 0555686001 0615142008 0605859003 0546354002
042737c01c7d42acb84b5fdc26779883a694fb8ec782aa0119e6cef404930f8a,0646155001 0588771002 0678392003 0624257005 0617311002 0680757003 0605998004 0565320023 0451380011 0730075001 0816166006 0749166002
044cf4faf79854a300e1203a5f4dbcd03585da1b194d0b0fba4ca13bd0661765,0610046002 0609334001 0566140001 0607036001 0629900003 0506191003 0610842005 0559601002 0610185002 0600380005 0610059001 0629607004
0456515f18cdd341dbb0077191bcd67e9e7738d81ed4f9412f634f2ffa84b70b,0747080001 0865553001 0665305002 0735439001 0616451001 0635222001 0666006001 0848883002 0734683001 0876147004 0929689001 0679428001
04573d1d88236664b9c68bd2e4e163467b53bea966bbd415edc4148ce72b9639,0635050002 0622046001 0640193001 0610032004 0621333002 0582737004 0517530003 0592835001 0573424001 0571048002 0548967001 0502424001
0459981eff33731efeb58b5e818557fa32ea3fc1665746c596b8ebd5f00ac51a,0698273008 0757215006 0570003056 0636724001 0265071012 0626410004 0737053001 0609483027 0774075002 0570002080 0609483028 0874116015
045c56f8b4fe091482792a6c8211dd32a31d10a4463abcfaf8d0aac167eff58b,0797988003 0627009007 0691072008 0851992003 0703610001 0679853008 0754697004 0631885002 0712809002 0564048026 0657955003 0625653014
045d404289b03c469c2932100c2855bdaec86be5c7dbfb121702698804f6cdb2,0742956001 0790504001 0763476001 0899088002 0843738003 0672824006 0764228001 0627339002 0611948001 0608070001 0821213002 0794238001
045f7ea13a544cff39bcff4b296602f6beccc24d02f472f2dffc1fe1859252b1,0186264015 0213691001 0555296001 0146721002 0639260001 0903913001 0672491002 0725177001 0742947003 0941976001 0523490001 0523490005
0465ce750bdf4e7cd4c685e399eabfdf97be36287d77dd4b01058ae0daef742b,0665349003 0673901001 0757165001 0618538001 0658509001 0867966009 0555326005 0449897050 0795552002 0573085042 0910439003 0836540005
046af07c0aaed65fd3934cd9056592fd314360c7f30d2308726e8dbda472d138,0651027003 0701853006 0873954001 0619601012 0547365001 0656031003 0611415002 0678079005 0655265001 0732666001 0785344001 0756420001
046d18ede21914c134c22206bda0e043526e24e5e54a29c1f7eeebaa2c62c1cf,0810632004 0878097002 0859326001 0673643001 0758005002 0870769002 0741834003 0799379001 0628761002 0908663002 0614460002 0785071001
048229b9d8af173feb062c4d5dc106cc2b70c98afd3cda2a88c30c5b95e16482,0656497004 0742258028 0564358058 0787123017 0771528004 0768205004 0794819001 0687016002 0669900002 0502186014 0648703013 0765545005
048253dbbc77680407dd3978e530d50d417f89d2393a77da5179b79b127b629a,0555109001 0481111010 0655252001 0589017002 0630514001 0623059004 0548231005 0643701002 0656032004 0797568001 0568751005 0807176001
048905017311f78c8cc673ac04dc1b90256daa24b859634133ad8fdf84976a08,0577704001 0565937002 0551906002 0506012001 0568458002 0527392001 0530524003 0513257002 0517813008 0566766004 0519809001 0743904009
04901bc197bed482adcf7245ec330c77adb61fc11c63815cb9cdbd24075e7262,0560389002 0855706004 0529008027 0457892005 0708730002 0765433001 0624645001 0597524008 0879965004 0792604002 0779551013 0868392001
0491c53266f9cbbebf462916afa25c791ee4b84bb9463316e95721f08e7e381d,0525500029 0501323008 0811993006 0816265002 0575542014 0554477007 0660590003 0627113002 0822195001 0731521006 0606395022 0519583045
04951f9573963f9ec689ab583f26ef7fe11bf5a1be15217e8db3b2357ab2b83e,0579525001 0590360001 0567669002 0564303001 0607550001 0609405001 0457135001 0541997001 0557244001 0512392001 0560846003 0566220001
049ffd6e9bfebb73ed9549b0520903ad6b705971ec0f471dfc1837e0514b7efa,0495692001 0617498001 0549358001 0588041001 0586051003 0598848006 0546397001 0554444004 0563544002 0551790001 0574304002 0189691033
04a0ffb95fa578a3859837b5dd4f0582213e8787bb16143dc732f73825097d0c,0690222005 0660147001 0679482001 0677054002 0746073001 0547780019 0743616009 0889816002 0707569003 0909279001 0778517001 0665676001
04a182e9bc4d4e0c54cf6fc8d4ba9a0e2186de746c8326c76fce5029a19bfbc2,0635420002 0513195001 0534044001 0629602001 0642105001 0538272002 0596983001 0484205009 0453258004 0609413001 0549504002 0556364001
04ab1bca7705be163a7491ab834ed425c982263f2d8c1862b119f6d25f6f0e42,0634668002 0557599009 0803083001 0634669004 0923805001 0821398003 0716087001 0830581001 0803083003 0638521005 0541519028 0557599001
04b6034da22ee8cefcd1b73d337f247b9eebfb84668fa76b1ccb96f22c8075fe,0709987001 0720764001 0547429004 0772762001 0773055001 0682758002 0824312001 0816083007 0895296001 0875110001 0798057002 0669953001
04bfc8aae1af70063b52bab84e7cb137f0e13c53620a582e0106de6dd13518f6,0800796001 0677734001 0682672001 0704824001 0820613003 0875094002 0685817002 0926306001 0934727002 0926739001 0740650001 0760195001
04c59dcc2794b24848199096a6af850e2c0289dad229f7674d29070364d7b19c,0736531013 0702708001 0829991003 0495573009 0640129001 0588337001 0834431003 0736923011 0849738003 0678260005 0624543013 0700910001
04c73e4d85b62091a140665b6d38d4bb2cbe2c87863bb624267709cc4240027d,0462162014 0569447001 0606395001 0446847001 0543892002 0531305001 0416511009 0529955001 0573856001 0583433001 0533746001 0613246002
04c930b22ccc2f8af6d416f599de070026fe04075b7a7c9f70c9020af60a57b7,0562254001 0576770001 0556137001 0607074001 0416961006 0584059001 0564349005 0615959001 0618022001 0541803002 0605164001 0587304001
04c987267a952ecf592f6132580148d74eb4dc25093d009f69c87615b552e88f,0654435001 0827428001 0691989005 0731900001 0771682002 0611024001 0819520001 0711686001 0717066005 0784075002 0711584001 0613459001
04cec5f3914316cc2ce4aff187970efa720436aeca0219bc97a95f7650965ad3,0509091026 0549333002 0880485003 0704720001 0658847001 0798475001 0692979004 0821395015 0701050003 0807176003 0632534001 0539197012
04d058c96d7465609222c9179e2a52c173d47f946b257c9c8f0e77287932237a,0717957001 0662868002 0917760002 0680441019 0782053001 0623498002 0760747001 0904922001 0763195002 0671949002 0692627001 0552743027
04d68a562184e2861f3e6c7caee2ffa8c34db703befeb6f65b95c40b34a130b6,0679756001 0688806001 0699341002 0722905001 0701924001 0787368002 0756930006 0773949001 0666739001 0657367001 0722424001 0839086001
04db9585ba4e6c6bd7ab2f633736fc68035ff1001fedc075d7f22baf62c44098,0399087014 0686397001 0778506002 0743630001 0814631001 0670107006 0613246001 0586518006 0399256032 0691461002 0779695001 0448515027
04df353b100c1cccb51675f94a6f67d55c4e7b993bdf625f68ff8416a5f83666,0179950001 0907414001 0629676001 0629669001 0617590002 0515042001 0899749001 0708311006 0620951001 0451380001 0411758001 0601784002
04e35c9d410122fe8c05d0a3665761b06cf2d7515229654b4a8156880e66ee1f,0486186002 0758391001 0507909023 0696809002 0739267004 0634013018 0579165014 0703589001 0703672003 0697564037 0675068001 0781758058
04e388b0762779011c9defba3e5f1fd9309872fe95e670e57dd4bd2073e00b1a,0635274003 0707215001 0626052013 0692903002 0626128001 0626908001 0769125004 0829646009 0926450001 0698607004 0806806001 0670687004
04e758af6db374c73132772117b0e0738d7aa22e7c27c38dfca4216fa90448ae,0640424001 0861036002 0620405001 0680846001 0695632097 0881570005 0691267004 0697050020 0680374002 0763727002 0661806003 0784090002
04f1b6911724ac43ea818b95ca8ed6b604ffecfe19d8a8abdb7dc5e5b2168042,0581244001 0505507003 0541803002 0607074001 0567078001 0506408002 0561659025 0565320008 0618022001 0516741007 0403844001 0556137001
04f38557c7c3ec144a7f5e46a9e55526b2537311b2928d4adf5ea3dccc84310f,0633150002 0665657003 0843396003 0626199003 0617127001 0676283001 0736489022 0929453002 0627092001 0601728029 0890886002 0671809004
04f4e99383e71a1f72cd6d7c87ef771631e0dfd2998217de0273266cbc081f8c,0867503001 0705691001 0682739002 0651336004 0710706001 0699110001 0660698002 0727846001 0673144001 0771759006 0691072001 0820410002
04f8d3164273444b81731e044b1227ccb4d6430c4d8f6e5bb6f44f845178df40,0732690002 0763322001 0659459003 0658069001 0689985001 0651517002 0695151002 0848885001 0776714001 0637940003 0312878010 0699618001
05045a3934ec16ae1549c3f2309803963cf649ece8e102f56b4c22557fe48bad,0746073001 0547780019 0743616009 0889816002 0910441003 0519583038 0549253007 0798579013 0554450011 0905787001 0399223068 0569677001
050831bf6599221c91badaeca6807cc6544ac5d80ad8f363ac4770d6107fea15,0609302001 0610930001 0712524002 0527693001 0296366024 0623879003 0296366013 0296366006 0636698001 0923127002 0560402001 0698820003
05093b8ac9f0d7654940a04b2a889ef65ddc94d0905bf9f64b419470a9e07e2c,0675853002 0575529005 0574109014 0744358001 0886366001 0665322003 0851400001 0665615001 0606153001 0691549001 0741342005 0711871001
050a5f2898704098dfda90546654997ed9170cb1f59cf4853edac92f7246d4b3,0870982002 0868035001 0877777001 0868053001 0873545001 0838779001 0681096006 0891609001 0858288001 0798622015 0579541024 0746822001
050b855d1f68bfcb226bb55f40fb55faa56575420883f7e0d8c35cb1f0c67598,0573059002 0562477003 0688658001 0879949001 0510075007 0664120001 0615269002 0597782004 0673972001 0305775024 0301687012 0654620001
050dd417f7641f9292195218a76a1e8c200c2ef821974909d909ed2bb0851a78,0610730017 0407031005 0534047002 0534044004 0457892003 0630116014 0500771007 0822115004 0698048002 0624066008 0637609006 0675581008
0513c5f8b629a1082b33237565c9ac64028ccac08c6fdd0f6ccfc5343b3e524f,0766402007 0857440002 0591100001 0566387002 0751471038 0656749010 0708085001 0765535003 0620226001 0538993003 0890534001 0738770002
0516a71d30b5a85c446f439818a927a9af534b6df5e12ab080e0fd41787bd81a,0684021080 0841260008 0672436001 0712801004 0598795014 0659531002 0646536003 0670286006 0608952004 0647754001 0501820006 0641039002
05177323caf4471a99441c6dc6a23f7ca314913e8cda96bf9b90ef80757e4053,0666656004 0710943001 0684824006 0684008001 0699427001 0567720003 0495949004 0590920001 0833404001 0641361001 0650065001 0698276007
052ed4e484443d43d100dc9d071c02d5d0199849d37c3d8a3c5b60d205a238b5,0569099002 0704661004 0914868003 0567424029 0696991023 0909081004 0754267016 0637346003 0716768001 0797394005 0796867003 0930058002
05303bc82456654fc660a726992ea85ea3609d89588ce09e7266bd785e1d9536,0574117006 0639667005 0619148002 0578433006 0568862001 0552604007 0585788001 0591334004 0870611002 0554640001 0747331001 0625768001
053070ffd27651239c41ad9011888e0b7d9fc0892de672a5f6279998198595bb,0691504002 0659333001 0605379002 0656437001 0677930023 0727846001 0674336001 0551790005 0857414001 0669713004 0567968003 0549397001
0538ad5c28a869b730aedb71620d2c4044c2b2ae1680f1a53cf47e4db9a7a35f,0892327002 0675319007 0716086002 0792440001 0892327003 0715403001 0655784008 0783346009 0569978018 0710065001 0548110025 0780209001
05396049fe558c46bfa9bd60185a713742cf5df554cceaa7a70a91c8faf5ee40,0777031002 0652846001 0861173003 0638896001 0743865002 0721997003 0928723001 0751584002 0693994002 0837439001 0757748003 0835044008
053d5b867154328292c3540f980a25732cecf70484a1487e0d1cf74a57154d60,0579010033 0873093006 0734109018 0795594004 0887281007 0749951003 0873041001 0820135005 0743904017 0677949003 0870517001 0791459002
053f62a4e3a51d19a6156595d98930ca666e64ec01792e889618172fe4f2f5c5,0871544004 0757552006 0650370002 0918655001 0554450011 0905787001 0703540005 0662264001 0851789001 0686515004 0658509001 0867966009
054508e8f2a59a4b43901b76e14e5433a6d788d589da3fef2d59585dfa37ea5c,0781419001 0715126008 0633740001 0817257001 0592939002 0762457002 0526261005 0533218004 0665118001 0698317010 0567968002 0709673001
0546426ec65aab6cbf720fbea95b03d0e1d77ef95e260fa1aeb044f381a390a2,0633109002 0694515001 0708311003 0550888007 0602985003 0870523003 0797862002 0791488022 0592837001 0829977004 0870516003 0652355009
054d2fdf39fafc6d65ca3eb34e806de6fd795c621670ce5e4337f0cb60ec7574,0883544001 0879547001 0394292001 0631653001 0646756001 0869026001 0778139008 0815004004 0533022039 0807273001 0462435023 0694298018
0555f0db4a2694a62c7842440ca57a8e77812be9723c9b769ed0270a13dd6639,0554598012 0626410003 0657125001 0569526001 0909895001 0621522013 0476583002 0944309001 0621522026 0679113007 0615021016 0565200028
05701e4bc2f83b8ebd680fc7984978a46d961a2eb4532ec4ae62561d8f4fdd12,0355569011 0633529001 0634009016 0745219002 0864703003 0509937027 0591439009 0877224004 0825086002 0845032002 0784333001 0871655003
0572900f29ae47661f747295f52e6eaa274ef1ce124e319309c702924a195855,0889669006 0732874001 0811443001 0569978001 0922037002 0485176004 0818257001 0904801003 0765599004 0673707003 0513325024 0676123001
0572ee4d4c148508a6a40bbb3349a8e6ca285097f3843e78e2395438fc19e304,0676954001 0861558003 0583533001 0672582002 0871005002 0663564006 0560209004 0559601010 0559637004 0560209006 0610842001 0586896005
05756b93acb8fc226348c8e56375411205fd98ec189f65d918596b0011599d12,0554163001 0698949002 0703631001 0717722001 0568652009 0580775001 0567952001 0475233019 0730066001 0665082015 0934133001 0777863009
05782ffcc182ffb964a509a471ee62e4ba5fd7eb857524a3539fa74bd79e168c,0506905008 0558243001 0537461001 0570889001 0572955001 0620188001 0581909001 0537461002 0537461003 0505604001 0480627011 0484398021
057e275b214b3d97a8caa75a3b802bf2ffda4d490189a1b4271a7a38658556e3,0539366003 0554141006 0568869003 0547300002 0587748003 0573414002 0551044009 0596849001 0519847006 0547987008 0592172006 0553238008
05887aca6a1742c97497dded62e474cc10b5c5d783eaffa4663e364e72a99d6e,0804798001 0710876020 0744306019 0654863002 0710876018 0665769005 0840509020 0803397002 0681620002 0744306007 0620239002 0594541024
0592e247fc4388fe73eaacb8d8577e5d817b4b0c7e679cb9b5693d34744cdc88,0846347003 0664340001 0771274001 0731523002 0862319001 0697119005 0664862002 0764415006 0843945008 0605939002 0537749001 0455828001
05943a58bd172641b80919a9bdf14012df940800bc74d0707abdd38efc1dd4f1,0650653003 0630299001 0691396003 0673711002 0810005001 0653431001 0534181011 0798699001 0880485003 0890030001 0693523002 0631777005
059d4230aeb70d519fb5e5e5ec8f5efc6c3eaad65b06af8810c7fb6be64e20ab,0663588001 0657285002 0626890004 0596517001 0646536003 0633947002 0687260001 0611577001 0596955004 0557247021 0608952004 0584940004
