,customer_id,article_id
0,000058a12d5b43e67d225668fa1f8d618c13dc232df0cad8ffe7ad4a1091e318,"['0663713001', '0541518023']"
1,00007d2de826758b65a93dd24ce629ed66842531df6699338c5570910a014cc2,"['0505221004', '0685687003', '0685687004', '0685687001', '0505221001']"
2,00083cda041544b2fbb0e0d2905ad17da7cf1007526fb4c73235dccbbc132280,"['0688873012', '0501323011', '0598859003', '0688873020', '0688873011']"
3,0008968c0d451dbc5a9968da03196fe20051965edde7413775c4eb3be9abe9c2,"['0531310002', '0529841001']"
4,000aa7f0dc06cd7174389e76c9e132a67860c5f65f970699daccc14425ac31a8,"['0501820043', '0501820043', '0674681001', '0671505001', '0671505001', '0631848002', '0631848002', '0631848002', '0631848002', '0680187001', '0676827002', '0676827002', '0685687002', '0685687002', '0680912006', '0680912006', '0692454002', '0692454002', '0640639001', '0640639001', '0664421002', '0664421002', '0680912009', '0680912009', '0553139001', '0553139001', '0377277001', '0377277001', '0700819006', '0700819006']"
5,001127bffdda108579e6cb16080440e89bf1250a776c6e55f56e35e9ee029a8d,['0397068015']
6,001ea4e9c54f7e9c88811260d954edc059d596147e1cf8adc73323aebf571fd8,"['0652075001', '0670295001']"
7,001fd23db1109a94bba1319bb73df0b479059027c182da490e1161b34cd3af61,"['0631744002', '0562252035']"
8,0021da829b898f82269fc51feded4eac2129058ee95bd75bb1591e2eb14ecc79,"['0649356002', '0579941002', '0629760002', '0625229004']"
9,00228762ecff5b8d1ea6a2e52b96dafa198febddbc3bf350eb611f28e61ea6ce,['0688545001']
10,002b3c0a44a22c45a8d62ea9d2b88d1a89e335f8b8400335a85c3b5845794cb9,"['0673531001', '0464277014', '0464277014']"
11,003ac6eff3ca20cbe4e14a106a5e28b7551616005de8f9dd0f9455e5543b31ac,"['0617322003', '0617322003', '0620405001', '0678239001']"
12,00401a367c5ac085cb9d4b77c56f3edcabf25153615db982fcc7991d182e10a9,"['0613456009', '0633675001', '0648719001', '0427114015', '0567475001', '0567594001', '0681358001', '0613456001', '0573937001', '0622745001', '0617322004']"
13,00402f4463c8dc1b3ee54abfdea280e96cd87320449eca8953eb06769a5c20d4,"['0507909001', '0665481004']"
14,0045c79125b4dc958579f902b49eacd8598f9eeaa1220506d1cae1275f122084,"['0211143037', '0211143037', '0503729006', '0503729006']"
15,004888668b9458668aa3234d17337671673599f7f84d36f77fd366b5139058c5,['0662857005']
16,0051a1d00ec9a4ff1a2f9aa32a4bb054cc9ba08e80be590aec39391ff3dc56e8,['0640174002']
17,005c9fb2ba6c49b2098a662f64a9124ef95cbec5fcf4ebdb4dcbaaf83f979c51,"['0625939005', '0508184020', '0560783010', '0660150001']"
18,00609a1cc562140fa87a6de432bef9c9f0b936b259ad3075eb2a65008df1dbab,"['0611415005', '0578374001', '0673677002', '0676352001', '0611415001']"
19,00708c3da4d07706d4cad77c6aecc1b1ce33d21d73022ca12737c91d85bff070,"['0255396006', '0594834010', '0516712001']"
20,0074c5948b6c96e7522f6f5c034b46cf08875b9a81c557a02bda0aedac355547,['0524825010']
21,00761aefe07a2dd6ca110c99f3856ede55f20ff00ce754bf24c422c6746d05f3,"['0634015003', '0636351002', '0633781016']"
22,0077ba345ef6aa8781802107df25bbb8a14fdcd04130c3ffa5cd1ac4087ad8ab,['0534795002']
23,00796ce0bc561897e7047a7b059867aa6424f63ec597e1fbb3a195e48d5f452b,['0659550001']
24,007e4c2e0994b4aac97c2713d5dc0b7497d74113f32446868ca22b6437e9594d,['0547752003']
25,007ea762fbbebfad288a49f1d8f7c2c0c62b189a8816fa6968e60f2c197ce938,['0610671001']
26,007f094708bc97c9ce41a7e75237ef2d16ae45319ebaddb9b842abf34248da8f,"['0652731008', '0618476004', '0622238014', '0639297001']"
27,00873fc0f81215241785b49518e6758a2c26c0eac4825e7eb048b005a33fc3d6,"['0633755001', '0640168001', '0565200032', '0618389001', '0432984001', '0591702003']"
28,00889357d9b1e0e3788fbe8fd7448580b9e51800f59196891c4796a9aaac0945,['0448509017']
29,008997ffbc4cdb3a41572eb25b2cc918666a6f2a13f3940f196a0160773c8492,['0665477001']
30,008a118b7c72fd3b8a614eb2672ddfc2a78434c5776af215f4e281fa7506b842,"['0578476001', '0663396002']"
31,0091c0e943c92167ea78f6ac180636be4098b06c1a066cac6f064eab9dc76d3c,['0677341001']
32,00923f88cda50cbea4c5ceb2bd3467c620a9d74cb7da95ccbd21b856f5c0e2e0,"['0564786020', '0655347002', '0655347007']"
33,0095c9b47fc950788bb709201f024c5338838a27c59c0299b857f94b504cb9fc,"['0710390001', '0633130019', '0671057002']"
34,00a017d6e1010e117e3881be44027688795bf5f3c363696f7260d0ebe2727285,"['0610776024', '0186262006', '0610776023']"
35,00a4f2c8cc87ffb0ea7db47b4b0b247b9ef11033c8d976f374f709a6fb80f1b9,['0610097001']
36,00a64e86897e28b304195ad497bc63234a3ab00a5eb247930ff59398d765f04a,['0675139003']
37,00a95aa4ba8d20f1bad415bab15ca6174a762f7550c819f4a1051fc7ee6bcb89,['0598795014']
38,00aa02ce95fc11f654a76101fd39a3db6b29879fddd8f8b1e56b3e6fbe6fe8d8,"['0656345001', '0587137001']"
39,00ac5119d21281802ecd309e8c7fa0b598e0be861f21caadefd9bc8cf3f87eed,"['0611929006', '0610776002', '0539723005', '0662888002']"
40,00b10bf5c51e961bd91f7ed9081b1bc6fc7e86000c2bed1a2d9f70da02012432,['0562245050']
41,00b1804e347ad55d1a75d7c07169e17d1890ad48953824879234177741a85955,['0294008002']
42,00b5b1446be091d4913765cf2cc01edc7e0d3820e1b8a46905fa4213a4c24433,"['0627300001', '0544360001']"
43,00b5bd5358a05155631bf733a933ecff5eb872f5143af59994ff3e62a97476d7,"['0624632002', '0552716009', '0629483002']"
44,00b6ec8613e51d8eadc5157f5a12ae1366ca29da7d44cc8d0ae1e667dea6f268,"['0529008008', '0594633001', '0603401002']"
45,00b85712d5e677f7ae3bfa9f9b5780a6eb328e99aeea633f6e8a3df5589d6486,['0671142001']
46,00be0a263381af38132d31225e8fb12fbc527c654b446484fb672a78118f037d,['0644522001']
47,00c09e66121ad36f5a8d5039cda266d60bc53daac0b7ad14f19cbbf97be0b160,['0225784001']
48,00c59bdfaf753688c62cc13f67382dd54275f776a2f6a6ebee11b27049d1d7f7,"['0678073001', '0671515001', '0622046002', '0678073002', '0617900007', '0657195001']"
49,00c83c269bedcb5135799d3bc4a7ae6f134d57bdd1be071486ef152b2ef1c300,['0297078001']
50,00cd0391b52a160dce983a43c15a6e1125d082b78dfa21dd9fe0ce2f86805b74,"['0598806012', '0662230001']"
51,00cf4505ba84c01f03c47829352054483acb59a9492ed0eef597dcf030e9e58b,"['0581086004', '0564358023', '0564358021', '0673677003', '0512251004', '0179208001']"
52,00d316a9b10b3d21094e4931f41a42ec7d093bbbd53c7b656ad830be8e6d1565,"['0681247002', '0681247001']"
53,00d774cb18ec8f8c73f4a76846782013803b88f206dffd39638a15a8725a886c,"['0678983004', '0651905007']"
54,00d781e94d9a533dceb85a8d50a898d5987ad9921ea8c6945c247be7220bdd81,"['0685687004', '0678983004', '0616708004', '0568858001', '0640462002']"
55,00da14cc2ed13b9df1425be332f190877d6607aa7c79f761d7605231fd532814,"['0610776001', '0599729001', '0620081001', '0684588008', '0640539001', '0662253002', '0684588007']"
56,00e1f75b5a9c8deed486dc2c409329e8aaef117d314e01fe0c08a7300d4d9f03,"['0662888002', '0555364007']"
57,00e66bb584bb15b519d91b1979bc7ba33fa0ac956000263db19c0036ac8bbb80,"['0633861001', '0608458001']"
58,00ead79936275fbd3c9cf7863d2eb1b11e553789c48149fec39eb4086cb64642,"['0572573001', '0678086003', '0678086003']"
59,00f422e9990c411c736a3d0a35a1eea4cdbef1d419fdede13c01eecb99da4176,"['0606769001', '0537840001', '0609650008', '0622295001', '0537738003', '0617900007', '0655710007', '0578430002', '0601102001']"
60,00ff637ac0fc881ed8b09088ed68218924f87f4100842dbdaf2d26c138fcbf2e,"['0654423001', '0677967003']"
61,00ffed0316ae807cb9439799d73cd61fd7f6479a0f9a19668ef442e3a775eb63,"['0641741001', '0685683001']"
62,0115586b1ca570d4a4ef16b9a8e1cf62c9d519d43edc0bc7bdca09b5af2b1370,"['0524825019', '0626587003', '0666638003', '0675319001']"
63,011d7b691e30ed7eb65d0f141dba11c0d4aa6d30b0625eddc713b7172d4585cf,['0653188006']
64,01271359dce99de537d6a3fca3c4dfd3732b455ec5085dc0b1623ab550fb821a,"['0640182001', '0633685001', '0522561002', '0608483002']"
65,012bbedf2efe728a7407a5dc842a852f8e09e9ae9727110c916ae13ebbc86395,"['0651456003', '0651456003', '0651456003']"
66,0132d21d866697c428e4d6ffb02548fd71966aa88c8f5adea314e2341f8ad87b,"['0580469005', '0580469005', '0629305003', '0553611001', '0657195001', '0608939002', '0608939002', '0518827004', '0568597012']"
67,0137b87739a796f65396d8483173f66318039d19a2583f33f9014a6b6f38719e,['0577992001']
68,01393ee2d1e9494965b723a22d3b09d992a1b450d17621c4c970ef7faf4d0d8c,['0660712012']
69,013a3d7d6d974a818bcb8c5181b4f5016f8973550f42e1049b86053643ace6e2,['0580746002']
70,013cc00a6fe53e361d8b5da4153c5b8907c09bf951dd4ec40d915cf7127c0e6d,['0590748001']
71,013d1d9e3414787ec7bf048697592b6f76dec3bd5263e485e64429ce387ed09c,"['0554757003', '0625939005', '0556379003', '0487827009', '0568864001', '0535877018', '0400319005', '0590920002', '0445419009', '0532578008']"
72,014838e4a1fadaaaa5bd2504b73861ef89db7a86b1d0b19f0fbd8bcdd5c3f414,"['0679121001', '0669825002', '0626588003']"
73,014cbfc591254f0cf30df52b660f94dead60c8d3eafc00ebb3051bd196bdcd8e,"['0578474001', '0685687004', '0399136061', '0399136061', '0679494004', '0685687001', '0502186011']"
74,015379bc0ebfa21c432af0f1eec4cfdd83d88f3af3804fb42011610866da0cba,"['0573085004', '0673677002', '0656719003']"
75,0157179e65d9394de74d06dd4558456a016a537c55e216a2236b90ac49101d2e,"['0552370001', '0552370002']"
76,015d779989111f5158d089a639b42390cd864f2001b1ed2f24ad78fd37704271,['0626054001']
77,015e83393e4fc3b071ba6fc5f174bf3bf9813c88dcaf3e61e34c6525984d0ed1,['0640244003']
78,01624a723db9eb160f1ce8148eea035963527b2ddca1816d5cd79b94bd16bd92,['0547367007']
79,0163c83a9a9e6a6653ab4aaf448a2773168cb76e74712456c56ea722df4ee5d8,"['0675281002', '0601465006']"
80,0164840429884bbb47f2a342ceea1f0748650d632cd7e3ae962169ddc5abc7e7,"['0487052007', '0578589001', '0567745004', '0176550020', '0558513001', '0487050001', '0487053021', '0554546003']"
81,01657d86ad3c7c5a15c7de441cc0a57c3ed9a3618b368a61aac06070f585df78,"['0625773003', '0694153002', '0634249005']"
82,016a5e92559854caa17365012de3e26cae632c968dbcc9b0f6343a54223e80b7,"['0665303002', '0539723001']"
83,016d8f0519d9e0572b3abebeab87408bad7a5c3a2840161f7de2f2900f39b6e6,"['0650193004', '0527687006']"
84,016ee5d84576b72727d7c812df0080f8fa551ba7156593a5ae585b16608e8077,['0680186001']
85,017ddc94fee40ab9a24af073a4c69282b4c04e094d53a96dc0c97642b5d3b25d,['0496111020']
86,018584209ee49c1e2a461c7773bd642306432ff77eef6f32881c56bb3bf77de6,"['0663488001', '0568601020']"
87,01887181e59ebbbcda75875d5df516d0ffaa26581ffd78cd909795732e4be9a5,"['0662888002', '0457892005', '0688873012', '0688873002', '0662888003', '0672590001', '0688873001']"
88,019169333a46eafc04a2a49f04076aeb5bc7f33c403e8940e39048a9581ce753,"['0616088013', '0541519005', '0500780006', '0632020002', '0632020002', '0616086008']"
89,0193e3d59eb1a5625b36f53e947c0237ee16c4bd2f7ba7da4bb93efb9e17f66a,"['0647794001', '0581162001']"
90,01959be607170cc2f092ee8fd13eda251b13cde70ef38dd37e37dcdadfde3b9e,"['0671553003', '0671553001', '0662888001', '0591334019', '0673677002']"
91,0195ffd9003a84142a7fee9fbd85b97f111f054a1ee1587b2b98b60d506a5f1b,['0562252010']
92,01a9a077a83eacc6fd946a60c4ca2aed16219fcd83d31e3110fa04630c42b96d,"['0562252010', '0574120001', '0574120001', '0212042043', '0590951007', '0578816004', '0578816004']"
93,01b0efc42c236759c44edb9b3c97c9f213d581ce647cf8b16659a9b2eb104df6,['0615508001']
94,01b2ea4635479ad47c3a5eea6659e28f4f5ea16bbb6180bda7a7a3b18cade7bd,"['0619561010', '0619561015']"
95,01b408ef638888ebabe6ba61e3e9cba93131152d371b50c8aded5eb1ca3aa3c0,"['0615085004', '0644803002']"
96,01b855043167c672d20955a585f39f590a854238bd78149d4e0802362a40d2de,['0581213003']
97,01bf0506fe8bb4b830a2b0a4459f11565f6b687c615008cdcd59b3abf6df4bd2,"['0573716039', '0573716039', '0690478001', '0690478001', '0680374001', '0680374001']"
98,01c290bff9641834691fef7f4b68ad176353d6971ca85e22efeb92c3aa3ffd35,"['0714417001', '0657395002']"
99,01c3653cafdd569ef34e36810d1c1bda71c0d425e568278d0cfe05cfb6604a1a,"['0244267032', '0630672001']"
100,01c8cb2f730cd7253bd3e290d98823894222b305139631fc0471d8d0b3a4bde9,"['0537688014', '0214844001']"
101,01cc2111fdf0603337bf82c79130e2144248bcec1a69cec7e28af56c0c78a4da,"['0427159007', '0628788001', '0617036001', '0611415001', '0679494004']"
102,01cdaf4a8603d1aafd565d05a7e1013d1cca48ab378fa83a68cfe01b52874852,"['0669056002', '0536162002']"
103,01d106a0b45ae7f169b3233d332bf325c80c24d4d160edeccf7d70905077fb86,"['0506110001', '0632143001', '0632143001', '0673462002', '0677848003', '0677848003', '0692454002', '0685687004', '0573085020', '0573085020']"
104,01e464bf74b13a55df22de1528eff2b33749c0cd92953b62bd22dee2de17d1fd,"['0604349001', '0639552001', '0519583008', '0539878003', '0448515018', '0448515001']"
105,01e9439a70175b81a0fcfe7c066a23890a57ca97b9b6d4209b041dfaace79f3e,"['0687169001', '0581777008']"
106,01ef5256e6264e9d50b11a08e9cfb2f2291324fedb4140cf7b4ad070548ffd8f,"['0660497003', '0660497003', '0661308001', '0661308001', '0630324004', '0212629040', '0633109002', '0583351005', '0220094001']"
107,01f0287961a0f7453c24e6aede462f55f667e705156f1e8b22c70a65bf51abd5,"['0635425004', '0505071001']"
108,01f040495565a44cbee048d8a0340fe1ba46243565d634a9a574c69fa4b01ade,"['0630116011', '0619506001', '0630116006', '0567993036']"
109,01f0af0b062a155ce270aa4cd7420795b115dd9320c143eaa10213f13ba346be,"['0639525001', '0728162002', '0728162002']"
110,01f597f5eba83f9709eceb5a70a99f3a4009a6e827bf7293afa4211030a29fa4,"['0657497007', '0625773001', '0625773001', '0625773001', '0674336001', '0674336001', '0456163026', '0456163026', '0456163026', '0676954001', '0676954001', '0676954001']"
111,01fbe7968ede05b116c4d878d47ed4fd33db355c4b3311c2967858f059a65dde,"['0626168001', '0583976001', '0558428001', '0636420001', '0587229001', '0650578001', '0636418001', '0188183009', '0608952004']"
112,01ff82d2792db8d2f92caa1e934fd6a122117f99a47f500ed25e550b7e066362,['0594630002']
113,0200775b1e95937f4711156d1eccaff5c8d7f7627ad6ac7aa941ed2ad28ab693,"['0619739008', '0647182001']"
114,02042b44255a14412b92f126844f9b33518e2cd598dc36d89d9931907e966076,"['0578846001', '0522398023', '0678073002', '0272591016', '0626410001', '0578846003', '0625939005', '0628930004', '0630450002']"
115,020bf2b7e1b1d36c8b7ea7e09782d5cfc7d4c31a74066075a73ac6015ddf5122,['0662857001']
116,0218014619321c250395c5cb9bc9f5323745113f61f3a136da2f3762df5930c9,"['0675281001', '0675281001', '0663368001']"
117,0218e0970319a0f68ebb78a6cdfffb8ddc461d0d02eeb8e8ccf02287ceb05807,['0649057002']
118,021bfdd3e66576efce4fdffc66c8e7837abad6ac50c10d3ac2c912e5558efd8a,"['0685687001', '0685687003', '0685687004', '0685687002']"
119,022064800152ad93969188799580e0d2173bc7696f6deec3157f0938315410b4,"['0545258004', '0556438001']"
120,02245dbf97e78482e7b6f23ab4fbc7d445ec57ddb9930d4b23d03b1a1e4af97f,"['0608952004', '0667378002', '0667379002', '0556655002', '0687427001', '0596278006']"
121,0229e18d3fcaa6a95380a822b4edc611e7933dab4382979b97d502cb477b0ff8,"['0637515001', '0675827001']"
122,022b4a549932e91686ed9cf3ffbacc2422343f5bc050127db1b23f6a3e5bf020,"['0555470006', '0667697001', '0354246011', '0564929005', '0418545001', '0583448003', '0418545036', '0672054002', '0453239044', '0667697002']"
123,022d28daa94930566e6139ae25faa966bebd5684cc486c59588d7e9b92262c50,"['0622192002', '0622192002', '0538142004', '0622192001', '0622192001', '0538142008', '0648994001', '0399087010', '0658295002', '0658295002']"
124,02334389c86031bc841c43b000006162d3bdadd0a88acd650eaebdb3f1beb9c5,"['0603145003', '0464297007']"
125,023807eac529e635ef40b48d61685876c7487d129eb2384e3c335d8f66116874,"['0524825006', '0524825006']"
126,02389a26fba684b9fe51d6fc3f84d10614dde2d5bb9c72f5bfd4c7f2c277aa30,"['0569997016', '0572533005']"
127,023b48de81f6af9de6bef17e720e3873ce40df3f561c975cfd47eaef5f13d09d,"['0621760005', '0351484013', '0351484013', '0351484013', '0567729004', '0567728006', '0651863004', '0559630002', '0609719003']"
128,02425a33ee2b4d547b1e4ca9ea521759a42f896af933bfd132f488ad3b6cceea,['0665477002']
129,0246a0d28554496c1214de05bb45de56d41ba29bc356d79a7ce520aa40d7c2e6,['0612636001']
130,0247a4cfbe56ac5e1c0b5a91b0ab0aad812f6fca13d4fd7dd72cf870d4195ec0,"['0618840005', '0625034001', '0659124001', '0659124001', '0629826001', '0618840001', '0644706003', '0493103005']"
131,024cd49f530560442418b0fe9558ee9a79c62809b3bb3a6fbaaf04c2b9be9d2e,"['0704048006', '0656686002', '0676326005']"
132,0257cce57bcfd65d958d44d09bd52c80b07b5a5aee9fc625599b6c13ee4e1b9e,"['0685687004', '0667491011', '0601595003', '0519583015', '0400285006']"
133,02587f4f566315388f44a3daaa4525146d79d5ae6b2837cbf55591ec1512884d,"['0661645002', '0549607002', '0663732001', '0575004005', '0583351005', '0677664001', '0677664001']"
134,025b18696068392821f083b1eebb31dee1f6704f243f909c025dfacd075bdaf2,"['0156231002', '0156231001', '0156231001']"
135,025d110f771f9d4bd41abd0fadca58b1be1553c895c7f6b0e79a13dd1d0b67aa,['0657891002']
136,0263bfe4004755185ded376e186511eedd9f5a190144ac6699fda9cb038ad178,"['0508837001', '0634015009', '0664325001', '0477163001', '0634789001']"
137,026a1fb8bafd82f69183ae5dc8aea146c48c31d8ab03a3e711a9bc3fcec3a4b8,"['0399201023', '0399201020', '0399136009']"
138,026e959b1715d59d827c377bd1f9ee4464e105695241a2f4053385d036aae6a0,"['0666223001', '0543141002']"
139,02703e242da346fc85f1aad21208d1103e62e705564c81ca2b6edf943032320a,"['0628813002', '0629764001']"
140,02722fa427178b9ca33fdaf1050d1c15472432abd33e0048207701534feb5b20,"['0571436009', '0407663008', '0342034003']"
141,02735a7da462484b0adb3857a81a6a062dd37d18a716a47318c467ef2a96f9f0,"['0607788001', '0610787001', '0658013001', '0580853002', '0629912001', '0614734001']"
142,0274e757cd770c98113d22951237e9dd035fa27567c5d521987222af2e0f9592,['0675139006']
143,0277917f4faac280023baecd03c3790b951a9403085da13631983b6c3d7eced0,"['0686269001', '0633130002', '0633130002']"
144,027a44c9bd659ccdf287096ae82a20eb5e28d6e54f2685d55323530640c7fece,"['0651793004', '0626441007', '0555347001', '0651793002']"
145,027dc9299f3cd24a1b30fa3bc25dd619993f7e49e231debc3f256efad523407d,"['0580482004', '0643588001']"
146,028c2fb1495304ccc3208d8335ec2fe8fcfe19b47bb279df6a9bdb410332a082,"['0648968001', '0648968003']"
147,028e765770e7b56b22210ffee86c332e849a52309bb253d62da0b44d082d66bf,"['0507910004', '0522918034', '0637255010']"
148,0291b7341d510fd571abf640a3c5ca7a374e6eb832a60961da02033b41b66735,['0656121001']
149,029ceb992cb63df03c109790046e3fdebfce0b63c968823dd461b7f18ecc6b30,"['0637255001', '0637255001', '0692454002', '0692454002', '0684588001', '0543729003', '0543729003', '0506110001', '0506110001', '0578311001', '0657128001', '0656719005', '0656719005', '0656719005', '0660618001', '0660618001', '0696447003']"
150,02a02c0969c67adde90ede610a54b365c31187872585eac40590c7327ebd7783,"['0657395001', '0699566001', '0660712012']"
151,02a5fec03154399f739b4f8fbf1a43a9899fbbb24fd93cc9fd4674cab11cda8e,['0653032007']
152,02ac1b454f4854ea273f870e32fa8f59faf2e46e0c24aecd45f44d8d06e98bd7,['0568066001']
153,02aeb94d25610a3887b078c7eaf7d1196d0f041719ddc02ada82395bc05825fd,"['0573626001', '0648385001']"
154,02b3db570d4063d8005de2fe1ba4d6fae39795dc37a993f0f6fba313f9a2a744,"['0624512003', '0558427001']"
155,02b4b6f6e43c3eccd8b8889330654519ac3c55e5fc2ec36091a416ec6471d9c6,['0672890004']
156,02b50a52742b3a894cd5d1381bd3f462c3e6eff30f9dde8640b3697db2fd024a,"['0639976002', '0613826004', '0568597009', '0639976005']"
157,02ba264ea5c7130504924f49228bcbaaa9ee96b76a6b4b0a16e19e691cf59f7b,"['0651327001', '0682028003']"
158,02bfe1a5248beb9cd28ad4ac630a6d75e78d9a3e14551abee7a5a28d5812ea77,"['0668767002', '0685687001', '0685343001']"
159,02c13bb5a2502db80d1f18b7db8ac0e250df329ba2b4aa0ea64df812ef946d2e,['0639677001']
160,02c92ae97b966ec20080b6b2d15ffa768c8cbaceee45c329e89a78526b357f7f,"['0619075001', '0617878003']"
161,02c955452f97696cbb01186f456adc89f7dd9828c6e39012c400fd26cbda47b2,"['0590165002', '0500780006']"
162,02cca9fa806e222df1332afe49102f67cc35970a39471d4737c770e94e5dc492,"['0714373001', '0684890003', '0684890003']"
163,02d2cf9bcef0d10ae22bba38ee25c0192bc41d9a45b46ceab7467ca5a43f63c6,"['0399136023', '0518329007']"
164,02d37b5d9116efbc2dc6420de3b30376039e2af283beadcba3afc936e41ae715,['0684686001']
165,02d796ea767fa2e94fc6228fe70d8af1a570da973c32f7ddbe7ac747ce4a6666,"['0633130013', '0552471001', '0552471001', '0564358010', '0633130007', '0633130015', '0575141001', '0575141001', '0393447015', '0393447015', '0575347003', '0602409006', '0634037002', '0634037002', '0634037002', '0372576011', '0372576011']"
166,02e0910945216963833093e0e56712e7362b01b7ef0cd4b375f857542b085020,"['0316657008', '0679059001', '0684238002', '0680912011', '0555364003', '0635957003', '0571650001', '0640556001', '0662628001']"
167,02e45757a6bc483ef7a9d086c3800bdab53ac1cb9840cfad4381d4fdea7820bc,"['0579541001', '0662868001', '0660599001', '0537688014', '0676990002', '0537346024', '0637515002']"
168,02eeb7d86c6d8dd801708091ed48bd654940c403ef12cfc10e4abc5eef90866a,"['0589924005', '0638553001', '0638553001']"
169,02f10c94c36c9f8d06ca2fccb131f8579cbabd1e3fb90c64ba799ad6222ad600,"['0552826001', '0631744003', '0651244001', '0621381011', '0592172007', '0573085004']"
170,02f3b09da6d49f6fc29547e4988e34eb9e0406cc53bb52d2ecf3b77e9e741a85,"['0409730006', '0640251003', '0659381001', '0680187001', '0649323001', '0651863001']"
171,02f64c00a1c75904920d7d0ce06c85dc30ce93b14147db8826fab00ab1d7a1f8,['0674079004']
172,02f6cba4ca8942ae995a5723a271ac967a3b51973fef556ae6eef56e6a2454f1,"['0554450001', '0519583028', '0554450005', '0554450004']"
173,02fb616160a91e306ff84ef3cd1333f0cd7d364df06d6746d5b313af7ff7be7b,['0565373002']
174,03023b630d51f53fcfebbbb0182e20a51de1b0463a85e9b5eef540ceefa95434,['0685687004']
175,03047ce62398549486db59baa6ae4b75f1f34d2e5ed2c61ed4622d5f938bafb5,['0610662002']
176,030654e7a0c6b286996114368a92fd411cfa5f9d4afcbf4086b512b8b1fe6fd4,"['0549914002', '0575464004']"
177,030b237f78cdd4df9a13c92900a82db7a18afc7556f2c1e643bc008f0bf38ff8,['0610730016']
178,031087414c01a0524b5c9d121b98ef5a93f240db16392302bda5bb1e5e7bfb4d,"['0628466002', '0604349001', '0628466001']"
179,03126e45c08e82cd192b32cbddbeba63387e11e5531059d1e75b74a422f373b1,"['0378124009', '0378124009', '0573652001', '0630116002', '0663003005']"
180,03167db14498eeec75153c7e582f25925eeb861ce3e04be9b3b58d83d23559a0,"['0661610001', '0665477001', '0569974001', '0557246003', '0600229001', '0562245059', '0501820008', '0613246002', '0557247003', '0562245034']"
181,03176a1445de4730c2ca5d514c3ce2182972ad42dfae65f4549778a2e918a7bd,"['0617620001', '0671011001', '0549914003', '0612075002', '0642631003', '0635741001', '0534357005']"
182,0317efd288c703a2531d89567ac2c28321ef8a613b5d2485430c94633b37ca51,"['0428291001', '0654436002', '0507987001']"
183,031b1633a7b3df1b5c63487b254981b5dd3606d8d643e99345221577cf581fee,"['0624486006', '0662592002', '0624486009', '0591088001', '0625939013', '0625939013']"
184,031c4471e23612911bc9a372edfe3c50847aceb7d620b1d8c26d468cac10ed59,"['0618180001', '0537085011', '0575836002', '0613942006', '0647190002', '0619580001']"
185,031dacb19b2f7003ccc838290d15c933ecf916503c428c9205ed036373758415,['0479227020']
186,031fd5c927a91eb96dcc6446e57898bac8992494520c61f1e69f4fa46e57fc0d,"['0591334003', '0637673006', '0399201024', '0399136009']"
187,032046d984f72fe8d5b3cb151932c5c3f5c9f67e6b1c619dabae39c684280519,['0632143002']
188,03264406f2f5ad204e822bf1de35bfd78a254b7ebfa7436a1fbb2dd6702cad3d,"['0631536007', '0552617006']"
189,032bfa2ee5ed4729cb92b26f029bf391e24ffd9d82040420b10514fb26433fa9,"['0658298001', '0464679003']"
190,032c1158bed8eaa884e982247bce6ba12fbb46cc96db37f890363d5565443d65,"['0474088001', '0255396006', '0646592004', '0702072001', '0510126016', '0516712001', '0658030001']"
191,03337ab0f54594f4ce96bfa456869d2d01e4fd99b49f07039462737375a3916d,['0666006006']
192,0333d9ba2d726a88e105f58b664d0454ee8c3eb276c033241b31cabb69d522ae,['0666638003']
193,0335a03da8ef485dda6f0a3d38fd1a10f15a87f82f2ccdaf97fed2bbc4ee47f8,['0672590001']
194,03392e608ea301ba185fbc96db65586ac9b7cddb17314ac38dea3f47a66ad448,"['0622295001', '0622295001', '0358483006', '0568863005', '0532578008', '0684400001']"
195,033ac0197a68724a4a1e2cd17910b8bc1caf97794624c5e965ad6b27b893e0ce,"['0555102005', '0555102001', '0591201001', '0562820006']"
196,03489cb329eeb471615a9a93c47aea3385a35bda120f1b66c2d58057550e0cea,"['0634015009', '0564786020', '0640021005', '0567993015', '0622618004', '0560270010']"
197,034f0c7ca393e5fad0a9d12f71c54e346fb65e9fcb2df69c081eec1e554307a1,"['0685687003', '0661162004']"
198,0352a685354a244ea57ec3a605fc4e4c3c84b4c708ea38347d90ea7564e7ace7,"['0622961001', '0615042004', '0519583015', '0561445026']"
199,0356c9f8f93ae3fac95c183d72bcc0730545b1a31732ed7086619496fc21f656,['0632534002']
200,0356f9016af790146e57d6da4ec0a3d8a4fc35380c22c2c2db11f89a7d8368e0,['0684890001']
201,035c146b4e3425ded9f666567f8e1f3b75f586988181b026ee98a1c790e51a97,['0638494001']
202,035f7a644366318ba089234153ff965dac19d68c607a9b87b47e19336b679b06,['0507910001']
203,0362038f50febc46a92c40379e85ba865535855c7e863384aebd5358d556d1f4,"['0495864003', '0703193001']"
204,03688ec91eaf4d8569ec00a450567f829e122b7a368ce6acc390c4685542d5ca,"['0567594001', '0537901001', '0653567001', '0567475004', '0567475004', '0588155002']"
205,0369aeafb7efe22cfa0fdf8290ee7ca3c2d53a54005b8c3f7ba60b1d365c3e9e,"['0645065001', '0637515003']"
206,03748d7daaf2bd87ca7202935269c3220f335d98bd0bc1bdce16c844f6e59a25,"['0594987005', '0211143022', '0629551004']"
207,037aac19361b0d06e6e9e47ba81d8524ee2b4f19a65e93c2a7728b1ab162a70c,"['0616337001', '0560325001']"
208,038281b9c1466627192e0af455bd4fb84bf15fda5061c88702a1a8cb1e4697bc,"['0464927013', '0662257001', '0611415003']"
209,0383e0ace6436d5a2b23efc570e14508274a7896a4bcdddce50783e47cd3d00c,['0627389006']
210,0384f1a2abd76923b5aba3c1614c6a3845f3b5dd585ca782ed537817f57e9db5,"['0653590001', '0617728002', '0620405001']"
211,0389e2e5ce41e5886aa49084beec73660c0092cd8d54bedcb70ec65d00c63ede,['0673776004']
212,03968a7930cc35ee91a55f06b42d6ddd716ee0f57547a0ed997e267f5cccafe3,['0522561002']
213,03a5702d7cb6348c937e600e495e020885a44463eb869c7a6fb40e6bd187afa5,['0607609001']
214,03a57e049f4ff7d0ab791077026775e4ae12e213a437905f4918f3be43098371,"['0666382003', '0691267004', '0675095002', '0675302002', '0685284001']"
215,03b9023f6752cfa45d1365e437fd07c9ac73a9c6f97d292814f66ef6309f9476,['0662630002']
216,03b958999ff992a3d2090445cb81b54cdfd13d1b057cff7e6398a9fcf2c1ffe7,"['0568601018', '0624050004', '0568597018']"
217,03cde6cebf0521a59472810ed9fb66c300c197a64c51f5473c99371e30280ef8,['0574120001']
218,03d0011487606c37c1b1ed147fc72f285a50c05f00b9712e0fc3da400c864296,"['0668766002', '0652946001', '0691275008']"
219,03d846993ebe0cef03c8fd8475a960ca78cff866e780556e8c6613ff3e3c0973,"['0401044012', '0574109015', '0568013001']"
220,03de367bf4b373ddf9963d3d7347a5dca4a2aa99df2065ba388be35fab0f1c99,"['0680492001', '0549262001']"
221,03dfeb591f1dee395aa5b498fcf8b12e3ffa72479f549a46a3e0ba55ebf8f9c6,['0649551016']
222,03ee4315d16cd08e50efadf194a22d20f0ecb37c2ba8f2ee0c318f1741b5e6b0,"['0663176006', '0699566001', '0645065014', '0663942008']"
223,03ef658609554eaefb7d558411f3db5da2fb951b930636e7286a715cc6c0943c,['0573716039']
224,03fe6234ee5446aacaf41c77be890197f5c40ab1c1419569ec0d16aa4a65bced,"['0517462001', '0644522001', '0637103001', '0612891001', '0644522002']"
225,03ff2c14c56358cfa899443fb55163bcac3cf67c2b5723d4628ba72b846f5f64,"['0597510001', '0597510001', '0575347003', '0665831002', '0665831002', '0697997001']"
226,040127192a2fd9ac2a7cbf9dd4cf452eea91f230b55b607756efef01d7b793c9,['0649671004']
227,04050a0433c9050f619b3b54ac4b63c14a2d8b5afe121e63f04cfa739eb7eac7,"['0561067003', '0675319001', '0458924011', '0596517001', '0658928001', '0244267029', '0500780008', '0609282001', '0699366001', '0611378001', '0597918001', '0672824006', '0592846001', '0583976001', '0572938002', '0551462007', '0522918026', '0297067002', '0615959001', '0638899001', '0646429001']"
228,040a73aad40b8a90b8c01d97ffc8594b30a619c7e15afaa51c926c51ff035d89,"['0681815003', '0613858005', '0639908001', '0571436010', '0489607003', '0568943001', '0529008026', '0681815001', '0605092009', '0635695001', '0399201011', '0611415005', '0670063001', '0571436009', '0670063002']"
229,0411ec52310f2e471a5daaaaaf03a9e7ef52cbb6a3e5d85bf0bd8c9f6428e144,['0577314002']
230,041945bc40e9eb39961b31ace67a72330407123def487ed680267dcd6a4f96a9,['0653114001']
231,041b31a7f12c6ccde9c1f2d9e8fd5cb960cdddffe289b443bb4326a47e506a51,"['0660174001', '0651912002', '0651912002', '0606983001', '0606983001']"
232,041f6c7b3be2bd8e8f34a007fee89e4db4e5844c5a0271f4ea148c5aa00492de,"['0565379021', '0522398023']"
233,042737c01c7d42acb84b5fdc26779883a694fb8ec782aa0119e6cef404930f8a,"['0635673002', '0583534009', '0583534009', '0583059002', '0615491005']"
234,044cf4faf79854a300e1203a5f4dbcd03585da1b194d0b0fba4ca13bd0661765,['0616086002']
235,0456515f18cdd341dbb0077191bcd67e9e7738d81ed4f9412f634f2ffa84b70b,"['0692210001', '0680715001']"
236,04573d1d88236664b9c68bd2e4e163467b53bea966bbd415edc4148ce72b9639,"['0646660003', '0590007003']"
237,0459981eff33731efeb58b5e818557fa32ea3fc1665746c596b8ebd5f00ac51a,"['0554772015', '0573284061', '0561445005', '0554772031']"
238,045c56f8b4fe091482792a6c8211dd32a31d10a4463abcfaf8d0aac167eff58b,"['0685687004', '0685687004', '0694589003']"
239,045d404289b03c469c2932100c2855bdaec86be5c7dbfb121702698804f6cdb2,"['0607154001', '0688873012']"
240,045f7ea13a544cff39bcff4b296602f6beccc24d02f472f2dffc1fe1859252b1,"['0186264014', '0685631001', '0523488001']"
241,0465ce750bdf4e7cd4c685e399eabfdf97be36287d77dd4b01058ae0daef742b,"['0562252028', '0562245059', '0562252014']"
242,046af07c0aaed65fd3934cd9056592fd314360c7f30d2308726e8dbda472d138,"['0325542015', '0666115001', '0655265002']"
243,046d18ede21914c134c22206bda0e043526e24e5e54a29c1f7eeebaa2c62c1cf,"['0678983002', '0678983008', '0569996010']"
244,048229b9d8af173feb062c4d5dc106cc2b70c98afd3cda2a88c30c5b95e16482,"['0662888003', '0595779002']"
245,048253dbbc77680407dd3978e530d50d417f89d2393a77da5179b79b127b629a,"['0657287001', '0678079002', '0678079002']"
246,048905017311f78c8cc673ac04dc1b90256daa24b859634133ad8fdf84976a08,"['0592180001', '0620083002']"
247,04901bc197bed482adcf7245ec330c77adb61fc11c63815cb9cdbd24075e7262,"['0541518004', '0650279001', '0650279002', '0630145001', '0653210010', '0484398001', '0637457001']"
248,0491c53266f9cbbebf462916afa25c791ee4b84bb9463316e95721f08e7e381d,['0573716010']
249,04951f9573963f9ec689ab583f26ef7fe11bf5a1be15217e8db3b2357ab2b83e,['0569929001']
250,049ffd6e9bfebb73ed9549b0520903ad6b705971ec0f471dfc1837e0514b7efa,['0568863005']
251,04a0ffb95fa578a3859837b5dd4f0582213e8787bb16143dc732f73825097d0c,"['0505230006', '0562245001', '0650696002']"
252,04a182e9bc4d4e0c54cf6fc8d4ba9a0e2186de746c8326c76fce5029a19bfbc2,"['0556379003', '0556379003', '0569933006']"
253,04ab1bca7705be163a7491ab834ed425c982263f2d8c1862b119f6d25f6f0e42,['0652696001']
254,04b6034da22ee8cefcd1b73d337f247b9eebfb84668fa76b1ccb96f22c8075fe,['0720384002']
255,04bfc8aae1af70063b52bab84e7cb137f0e13c53620a582e0106de6dd13518f6,['0664074001']
256,04c59dcc2794b24848199096a6af850e2c0289dad229f7674d29070364d7b19c,"['0654434002', '0654434002', '0654434002', '0660519003', '0654423002', '0664075005', '0664075005', '0664075005']"
257,04c73e4d85b62091a140665b6d38d4bb2cbe2c87863bb624267709cc4240027d,"['0555347001', '0555347001', '0555347001']"
258,04c930b22ccc2f8af6d416f599de070026fe04075b7a7c9f70c9020af60a57b7,['0516741007']
259,04c987267a952ecf592f6132580148d74eb4dc25093d009f69c87615b552e88f,['0663699001']
260,04cec5f3914316cc2ce4aff187970efa720436aeca0219bc97a95f7650965ad3,"['0611415001', '0680782001', '0661794002', '0495573006', '0580041001', '0619081001', '0611415005']"
261,04d058c96d7465609222c9179e2a52c173d47f946b257c9c8f0e77287932237a,"['0537346013', '0650193001', '0537346026']"
262,04d68a562184e2861f3e6c7caee2ffa8c34db703befeb6f65b95c40b34a130b6,['0560249001']
263,04db9585ba4e6c6bd7ab2f633736fc68035ff1001fedc075d7f22baf62c44098,"['0399201024', '0399201024', '0399201005', '0399201005', '0399136027', '0399136027']"
264,04df353b100c1cccb51675f94a6f67d55c4e7b993bdf625f68ff8416a5f83666,"['0338016001', '0633214001', '0378135036', '0309864002', '0416157003']"
265,04e35c9d410122fe8c05d0a3665761b06cf2d7515229654b4a8156880e66ee1f,['0552473025']
266,04e388b0762779011c9defba3e5f1fd9309872fe95e670e57dd4bd2073e00b1a,"['0635280002', '0608483007', '0607833002', '0663176005', '0523489001', '0562245058']"
267,04e758af6db374c73132772117b0e0738d7aa22e7c27c38dfca4216fa90448ae,['0617322003']
268,04f1b6911724ac43ea818b95ca8ed6b604ffecfe19d8a8abdb7dc5e5b2168042,"['0599559001', '0605164001', '0623471001', '0566904001', '0576770001']"
269,04f38557c7c3ec144a7f5e46a9e55526b2537311b2928d4adf5ea3dccc84310f,"['0569244002', '0622958003']"
270,04f4e99383e71a1f72cd6d7c87ef771631e0dfd2998217de0273266cbc081f8c,['0640252004']
271,04f8d3164273444b81731e044b1227ccb4d6430c4d8f6e5bb6f44f845178df40,['0687169001']
272,05045a3934ec16ae1549c3f2309803963cf649ece8e102f56b4c22557fe48bad,"['0562245001', '0562245004', '0562245018']"
273,050831bf6599221c91badaeca6807cc6544ac5d80ad8f363ac4770d6107fea15,['0633787001']
274,05093b8ac9f0d7654940a04b2a889ef65ddc94d0905bf9f64b419470a9e07e2c,"['0659302004', '0659295003']"
275,050a5f2898704098dfda90546654997ed9170cb1f59cf4853edac92f7246d4b3,"['0701398001', '0662741001']"
276,050b855d1f68bfcb226bb55f40fb55faa56575420883f7e0d8c35cb1f0c67598,"['0652747001', '0652730003', '0665481004', '0432566001']"
277,050dd417f7641f9292195218a76a1e8c200c2ef821974909d909ed2bb0851a78,"['0628930001', '0484398077', '0685687003']"
278,0513c5f8b629a1082b33237565c9ac64028ccac08c6fdd0f6ccfc5343b3e524f,"['0524825010', '0616030001', '0573716040', '0615092002', '0686631001', '0568808001']"
279,0516a71d30b5a85c446f439818a927a9af534b6df5e12ab080e0fd41787bd81a,"['0598795018', '0635473001']"
280,05177323caf4471a99441c6dc6a23f7ca314913e8cda96bf9b90ef80757e4053,"['0666656001', '0666656001']"
281,052ed4e484443d43d100dc9d071c02d5d0199849d37c3d8a3c5b60d205a238b5,['0651793004']
282,05303bc82456654fc660a726992ea85ea3609d89588ce09e7266bd785e1d9536,"['0568864003', '0521302006', '0644783001', '0644783001']"
283,053070ffd27651239c41ad9011888e0b7d9fc0892de672a5f6279998198595bb,['0633130017']
284,0538ad5c28a869b730aedb71620d2c4044c2b2ae1680f1a53cf47e4db9a7a35f,"['0568601016', '0568597016']"
285,05396049fe558c46bfa9bd60185a713742cf5df554cceaa7a70a91c8faf5ee40,['0464454004']
286,053d5b867154328292c3540f980a25732cecf70484a1487e0d1cf74a57154d60,['0657497006']
287,053f62a4e3a51d19a6156595d98930ca666e64ec01792e889618172fe4f2f5c5,"['0665294004', '0665294004', '0697329006', '0562245018', '0562245018', '0656719005', '0656719005', '0665384001', '0562245059']"
288,054508e8f2a59a4b43901b76e14e5433a6d788d589da3fef2d59585dfa37ea5c,"['0661147004', '0654772001', '0637549005']"
289,0546426ec65aab6cbf720fbea95b03d0e1d77ef95e260fa1aeb044f381a390a2,"['0642437005', '0633781015']"
290,054d2fdf39fafc6d65ca3eb34e806de6fd795c621670ce5e4337f0cb60ec7574,"['0599374003', '0669328001']"
291,0555f0db4a2694a62c7842440ca57a8e77812be9723c9b769ed0270a13dd6639,"['0610776007', '0610776002', '0690338002']"
292,05701e4bc2f83b8ebd680fc7984978a46d961a2eb4532ec4ae62561d8f4fdd12,"['0524529001', '0490793035', '0524529004']"
293,0572900f29ae47661f747295f52e6eaa274ef1ce124e319309c702924a195855,['0680186001']
294,0572ee4d4c148508a6a40bbb3349a8e6ca285097f3843e78e2395438fc19e304,"['0703193001', '0629758005']"
295,05756b93acb8fc226348c8e56375411205fd98ec189f65d918596b0011599d12,['0486462007']
296,05782ffcc182ffb964a509a471ee62e4ba5fd7eb857524a3539fa74bd79e168c,['0605365001']
297,057e275b214b3d97a8caa75a3b802bf2ffda4d490189a1b4271a7a38658556e3,['0504154016']
298,05887aca6a1742c97497dded62e474cc10b5c5d783eaffa4663e364e72a99d6e,['0691012001']
299,0592e247fc4388fe73eaacb8d8577e5d817b4b0c7e679cb9b5693d34744cdc88,"['0636421003', '0583558001', '0661308001', '0539878003', '0610234003', '0627101006', '0299733008', '0647190001', '0649683001', '0623474001']"
300,05943a58bd172641b80919a9bdf14012df940800bc74d0707abdd38efc1dd4f1,"['0648940001', '0661794001', '0661794001', '0661794002', '0661794002']"
301,059d4230aeb70d519fb5e5e5ec8f5efc6c3eaad65b06af8810c7fb6be64e20ab,['0516903005']
